Workbook

Sheet README
A1: Project Broadcast — Issue 6: Ukraine Manpower Runway vs UGV Integration (v2, Sep 2026)
A3: What this model does
A4: Estimates how long Ukraine can keep enough men in uniform to hold the line if fighting continues, then measures how much runway unmanned ground vehicles (UGVs) add.
A5: v2 supersedes the Aug 2026 figures (1.9 / 3.5 / 5.8 yrs). The Dashboard bridge walks from the old Central number to the new one step by step.
A7: Structure (stock-flow)
A8: • Pool = men already serving (S) + reachable reserve not yet in uniform (R). Built bottom-up and includes all future intake.
A9: • Each month: intake moves men R → S (capped by mobilization capacity). S loses irrecoverable losses, net permanent AWOL and discharges.
A10: • Collapse = S falls below the minimum force to hold the line (front km × line troops/km × (1 + support ratio)). That can happen with reserve left (throughput-bound) or once the pool is exhausted.
A12: UGV channels
A13: • Ch1 loss-rate: robots take logistics/casevac and some combat missions ABOVE today's level (today's use is already in the loss rate). Coverage is capped by UGV supply × survivability, and operators are added to the minimum force.
A14: • Ch2 headcount: robots replace a share of line troops (net of operators), cutting both exposure and the line requirement.
A15: • Combined applies both with an overlap haircut. UGVs cannot reduce AWOL or discharges (~40% of Central net drain).
... A33: Blue text = hardcoded input · Black = formula · Green = link to another sheet · Yellow fill = key judgment, no hard data.

Sheet Dashboard
A1: Dashboard — Ukraine manpower runway & UGV effect (v2, supersedes Aug 2026 figures)
A2: ="Years from "&TEXT(Inputs!B67,"mmm yyyy")&" until the serving force falls below the minimum force needed to hold the line. '>20' = survives the 240-month horizon. Active UGV set: "&Inputs!B40 -> Years from Sep 2026 until the serving force falls below the minimum force needed to hold the line. '>20' = survives the 240-month horizon. Active UGV set: Central
G3: Chart data — Central scenario, serving force vs minimum force (men)
A4: Years to collapse | B4: Base (UGVs frozen at today) | C4: Ch1: loss-rate | D4: Ch2: headcount | E4: Combined | G4: Year | H4: Serving (Base) | I4: Serving (Combined) | J4: Min force (Base) | K4: Min force (Combined)
A5: Pessimistic | B5: {=IFERROR(_xlfn.LET(_xlpm.i,MATCH(1,Engine!$U$5:$U$245,0),IF(_xlpm.i=1,0,((_xlpm.i-2)+INDEX(Engine!$T$5:$T$245,_xlpm.i-1)/(INDEX(Engine!$T$5:$T$245,_xlpm.i-1)-INDEX(Engine!$T$5:$T$245,_xlpm.i)))/12)),">20")} -> 1.1305808 | C5: {=IFERROR(_xlfn.LET(_xlpm.i,MATCH(1,Engine!$AV$5:$AV$245,0),IF(_xlpm.i=1,0,((_xlpm.i-2)+INDEX(Engine!$AU$5:$AU$245,_xlpm.i-1)/(INDEX(Engine!$AU$5:$AU$245,_xlpm.i-1)-INDEX(Engine!$AU$5:$AU$245,_xlpm.i)))/12)),">20")} -> 1.2112005 | D5: {=IFERROR(_xlfn.LET(_xlpm.i,MATCH(1,Engine!$BW$5:$BW$245,0),IF(_xlpm.i=1,0,((_xlpm.i-2)+INDEX(Engine!$BV$5:$BV$245,_xlpm.i-1)/(INDEX(Engine!$BV$5:$BV$245,_xlpm.i-1)-INDEX(Engine!$BV$5:$BV$245,_xlpm.i)))/12)),">20")} -> 1.2553215 | E5: {=IFERROR(_xlfn.LET(_xlpm.i,MATCH(1,Engine!$CX$5:$CX$245,0),IF(_xlpm.i=1,0,((_xlpm.i-2)+INDEX(Engine!$CW$5:$CW$245,_xlpm.i-1)/(INDEX(Engine!$CW$5:$CW$245,_xlpm.i-1)-INDEX(Engine!$CW$5:$CW$245,_xlpm.i)))/12)),">20")} -> 1.337348 | G5: 0 | H5: {=INDEX(Engine!$Z$5:$Z$245,G5*12+1)} -> 800000 | I5: {=INDEX(Engine!$DC$5:$DC$245,G5*12+1)} -> 800000 | J5: {=INDEX(Engine!$AB$5:$AB$245,G5*12+1)} -> 495000 | K5: {=INDEX(Engine!$DE$5:$DE$245,G5*12+1)} -> 495000
A6: Central | B6: {=IFERROR(_xlfn.LET(_xlpm.i,MATCH(1,Engine!$AD$5:$AD$245,0),IF(_xlpm.i=1,0,((_xlpm.i-2)+INDEX(Engine!$AC$5:$AC$245,_xlpm.i-1)/(INDEX(Engine!$AC$5:$AC$245,_xlpm.i-1)-INDEX(Engine!$AC$5:$AC$245,_xlpm.i)))/12)),">20")} -> 3.5950012 | C6: {=IFERROR(_xlfn.LET(_xlpm.i,MATCH(1,Engine!$BE$5:$BE$245,0),IF(_xlpm.i=1,0,((_xlpm.i-2)+INDEX(Engine!$BD$5:$BD$245,_xlpm.i-1)/(INDEX(Engine!$BD$5:$BD$245,_xlpm.i-1)-INDEX(Engine!$BD$5:$BD$245,_xlpm.i)))/12)),">20")} -> 3.8235914 | D6: {=IFERROR(_xlfn.LET(_xlpm.i,MATCH(1,Engine!$CF$5:$CF$245,0),IF(_xlpm.i=1,0,((_xlpm.i-2)+INDEX(Engine!$CE$5:$CE$245,_xlpm.i-1)/(INDEX(Engine!$CE$5:$CE$245,_xlpm.i-1)-INDEX(Engine!$CE$5:$CE$245,_xlpm.i)))/12)),">20")} -> 3.7735809 | E6: {=IFERROR(_xlfn.LET(_xlpm.i,MATCH(1,Engine!$DG$5:$DG$245,0),IF(_xlpm.i=1,0,((_xlpm.i-2)+INDEX(Engine!$DF$5:$DF$245,_xlpm.i-1)/(INDEX(Engine!$DF$5:$DF$245,_xlpm.i-1)-INDEX(Engine!$DF$5:$DF$245,_xlpm.i)))/12)),">20")} -> 3.9601899 | G6: 1 | H6: {=INDEX(Engine!$Z$5:$Z$245,G6*12+1)} -> 800000 | I6: {=INDEX(Engine!$DC$5:$DC$245,G6*12+1)} -> 800000 | J6: {=INDEX(Engine!$AB$5:$AB$245,G6*12+1)} -> 495000 | K6: {=INDEX(Engine!$DE$5:$DE$245,G6*12+1)} -> 494250
A7: Optimistic | B7: {=IFERROR(_xlfn.LET(_xlpm.i,MATCH(1,Engine!$AM$5:$AM$245,0),IF(_xlpm.i=1,0,((_xlpm.i-2)+INDEX(Engine!$AL$5:$AL$245,_xlpm.i-1)/(INDEX(Engine!$AL$5:$AL$245,_xlpm.i-1)-INDEX(Engine!$AL$5:$AL$245,_xlpm.i)))/12)),">20")} -> 8.9256217 | C7: {=IFERROR(_xlfn.LET(_xlpm.i,MATCH(1,Engine!$BN$5:$BN$245,0),IF(_xlpm.i=1,0,((_xlpm.i-2)+INDEX(Engine!$BM$5:$BM$245,_xlpm.i-1)/(INDEX(Engine!$BM$5:$BM$245,_xlpm.i-1)-INDEX(Engine!$BM$5:$BM$245,_xlpm.i)))/12)),">20")} -> 9.7599385 | D7: {=IFERROR(_xlfn.LET(_xlpm.i,MATCH(1,Engine!$CO$5:$CO$245,0),IF(_xlpm.i=1,0,((_xlpm.i-2)+INDEX(Engine!$CN$5:$CN$245,_xlpm.i-1)/(INDEX(Engine!$CN$5:$CN$245,_xlpm.i-1)-INDEX(Engine!$CN$5:$CN$245,_xlpm.i)))/12)),">20")} -> 9.557684 | E7: {=IFERROR(_xlfn.LET(_xlpm.i,MATCH(1,Engine!$DP$5:$DP$245,0),IF(_xlpm.i=1,0,((_xlpm.i-2)+INDEX(Engine!$DO$5:$DO$245,_xlpm.i-1)/(INDEX(Engine!$DO$5:$DO$245,_xlpm.i-1)-INDEX(Engine!$DO$5:$DO$245,_xlpm.i)))/12)),">20")} -> 10.159425 | G7: 2 | H7: {=INDEX(Engine!$Z$5:$Z$245,G7*12+1)} -> 800000 | I7: {=INDEX(Engine!$DC$5:$DC$245,G7*12+1)} -> 800000 | J7: {=INDEX(Engine!$AB$5:$AB$245,G7*12+1)} -> 495000 | K7: {=INDEX(Engine!$DE$5:$DE$245,G7*12+1)} -> 493500
G8: 3 | H8: {=INDEX(Engine!$Z$5:$Z$245,G8*12+1)} -> 628001.37 | I8: {=INDEX(Engine!$DC$5:$DC$245,G8*12+1)} -> 676755.81 | J8: {=INDEX(Engine!$AB$5:$AB$245,G8*12+1)} -> 495000 | K8: {=INDEX(Engine!$DE$5:$DE$245,G8*12+1)} -> 489750
A9: Runway added vs Base (yrs) | B9: Base (UGVs frozen at today) | C9: Ch1: loss-rate | D9: Ch2: headcount | E9: Combined | G9: 4 | H9: {=INDEX(Engine!$Z$5:$Z$245,G9*12+1)} -> 411822.69 | I9: {=INDEX(Engine!$DC$5:$DC$245,G9*12+1)} -> 478838.83 | J9: {=INDEX(Engine!$AB$5:$AB$245,G9*12+1)} -> 495000 | K9: {=INDEX(Engine!$DE$5:$DE$245,G9*12+1)} -> 486000
A10: Pessimistic | B10: =IFERROR(B5-$B5,"n/a") -> 0 | C10: =IFERROR(C5-$B5,"n/a") -> 0.08061965 | D10: =IFERROR(D5-$B5,"n/a") -> 0.12474068 | E10: =IFERROR(E5-$B5,"n/a") -> 0.20676712 | G10: 5 | H10: {=INDEX(Engine!$Z$5:$Z$245,G10*12+1)} -> 231621.05 | I10: {=INDEX(Engine!$DC$5:$DC$245,G10*12+1)} -> 310623.31 | J10: {=INDEX(Engine!$AB$5:$AB$245,G10*12+1)} -> 495000 | K10: {=INDEX(Engine!$DE$5:$DE$245,G10*12+1)} -> 486000
A11: Central | B11: =IFERROR(B6-$B6,"n/a") -> 0 | C11: =IFERROR(C6-$B6,"n/a") -> 0.22859019 | D11: =IFERROR(D6-$B6,"n/a") -> 0.17857976 | E11: =IFERROR(E6-$B6,"n/a") -> 0.36518871 | G11: 6 | H11: {=INDEX(Engine!$Z$5:$Z$245,G11*12+1)} -> 88072.244 | I11: {=INDEX(Engine!$DC$5:$DC$245,G11*12+1)} -> 170284.97 | J11: {=INDEX(Engine!$AB$5:$AB$245,G11*12+1)} -> 495000 | K11: {=INDEX(Engine!$DE$5:$DE$245,G11*12+1)} -> 486000
A12: Optimistic | B12: =IFERROR(B7-$B7,"n/a") -> 0 | C12: =IFERROR(C7-$B7,"n/a") -> 0.83431685 | D12: =IFERROR(D7-$B7,"n/a") -> 0.63206236 | E12: =IFERROR(E7-$B7,"n/a") -> 1.2338036 | G12: 7 | H12: {=INDEX(Engine!$Z$5:$Z$245,G12*12+1)} -> 0 | I12: {=INDEX(Engine!$DC$5:$DC$245,G12*12+1)} -> 58669.764 | J12: {=INDEX(Engine!$AB$5:$AB$245,G12*12+1)} -> 495000 | K12: {=INDEX(Engine!$DE$5:$DE$245,G12*12+1)} -> 486000
G13: 8 | H13: {=INDEX(Engine!$Z$5:$Z$245,G13*12+1)} -> 0 | I13: {=INDEX(Engine!$DC$5:$DC$245,G13*12+1)} -> 0 | J13: {=INDEX(Engine!$AB$5:$AB$245,G13*12+1)} -> 495000 | K13: {=INDEX(Engine!$DE$5:$DE$245,G13*12+1)} -> 486000
A14: Runway added vs Base (%) | B14: Base (UGVs frozen at today) | C14: Ch1: loss-rate | D14: Ch2: headcount | E14: Combined | G14: 9 | H14: {=INDEX(Engine!$Z$5:$Z$245,G14*12+1)} -> 0 | I14: {=INDEX(Engine!$DC$5:$DC$245,G14*12+1)} -> 0 | J14: {=INDEX(Engine!$AB$5:$AB$245,G14*12+1)} -> 495000 | K14: {=INDEX(Engine!$DE$5:$DE$245,G14*12+1)} -> 486000
A15: Pessimistic | B15: =IFERROR(B5/$B5-1,"n/a") -> 0 | C15: =IFERROR(C5/$B5-1,"n/a") -> 0.071308169 | D15: =IFERROR(D5/$B5-1,"n/a") -> 0.11033327 | E15: =IFERROR(E5/$B5-1,"n/a") -> 0.18288574 | G15: 10 | H15: {=INDEX(Engine!$Z$5:$Z$245,G15*12+1)} -> 0 | I15: {=INDEX(Engine!$DC$5:$DC$245,G15*12+1)} -> 0 | J15: {=INDEX(Engine!$AB$5:$AB$245,G15*12+1)} -> 495000 | K15: {=INDEX(Engine!$DE$5:$DE$245,G15*12+1)} -> 486000
A16: Central | B16: =IFERROR(B6/$B6-1,"n/a") -> 0 | C16: =IFERROR(C6/$B6-1,"n/a") -> 0.063585568 | D16: =IFERROR(D6/$B6-1,"n/a") -> 0.049674464 | E16: =IFERROR(E6/$B6-1,"n/a") -> 0.10158236 | G16: 11 | H16: {=INDEX(Engine!$Z$5:$Z$245,G16*12+1)} -> 0 | I16: {=INDEX(Engine!$DC$5:$DC$245,G16*12+1)} -> 0 | J16: {=INDEX(Engine!$AB$5:$AB$245,G16*12+1)} -> 495000 | K16: {=INDEX(Engine!$DE$5:$DE$245,G16*12+1)} -> 486000
A17: Optimistic | B17: =IFERROR(B7/$B7-1,"n/a") -> 0 | C17: =IFERROR(C7/$B7-1,"n/a") -> 0.093474369 | D17: =IFERROR(D7/$B7-1,"n/a") -> 0.07081438 | E17: =IFERROR(E7/$B7-1,"n/a") -> 0.13823167 | G17: 12 | H17: {=INDEX(Engine!$Z$5:$Z$245,G17*12+1)} -> 0 | I17: {=INDEX(Engine!$DC$5:$DC$245,G17*12+1)} -> 0 | J17: {=INDEX(Engine!$AB$5:$AB$245,G17*12+1)} -> 495000 | K17: {=INDEX(Engine!$DE$5:$DE$245,G17*12+1)} -> 486000
A19: Implied collapse month | B19: Base (UGVs frozen at today) | C19: Ch1: loss-rate | D19: Ch2: headcount | E19: Combined
A20: Pessimistic | B20: =IF(ISNUMBER(B5),EDATE(Inputs!$B$67,ROUNDDOWN(B5*12,0)),"after "&TEXT(EDATE(Inputs!$B$67,240),"yyyy")) -> 46661 | C20: =IF(ISNUMBER(C5),EDATE(Inputs!$B$67,ROUNDDOWN(C5*12,0)),"after "&TEXT(EDATE(Inputs!$B$67,240),"yyyy")) -> 46692 | D20: =IF(ISNUMBER(D5),EDATE(Inputs!$B$67,ROUNDDOWN(D5*12,0)),"after "&TEXT(EDATE(Inputs!$B$67,240),"yyyy")) -> 46722 | E20: =IF(ISNUMBER(E5),EDATE(Inputs!$B$67,ROUNDDOWN(E5*12,0)),"after "&TEXT(EDATE(Inputs!$B$67,240),"yyyy")) -> 46753
A21: Central | B21: =IF(ISNUMBER(B6),EDATE(Inputs!$B$67,ROUNDDOWN(B6*12,0)),"after "&TEXT(EDATE(Inputs!$B$67,240),"yyyy")) -> 47574 | C21: =IF(ISNUMBER(C6),EDATE(Inputs!$B$67,ROUNDDOWN(C6*12,0)),"after "&TEXT(EDATE(Inputs!$B$67,240),"yyyy")) -> 47635 | D21: =IF(ISNUMBER(D6),EDATE(Inputs!$B$67,ROUNDDOWN(D6*12,0)),"after "&TEXT(EDATE(Inputs!$B$67,240),"yyyy")) -> 47635 | E21: =IF(ISNUMBER(E6),EDATE(Inputs!$B$67,ROUNDDOWN(E6*12,0)),"after "&TEXT(EDATE(Inputs!$B$67,240),"yyyy")) -> 47696
A22: Optimistic | B22: =IF(ISNUMBER(B7),EDATE(Inputs!$B$67,ROUNDDOWN(B7*12,0)),"after "&TEXT(EDATE(Inputs!$B$67,240),"yyyy")) -> 49522 | C22: =IF(ISNUMBER(C7),EDATE(Inputs!$B$67,ROUNDDOWN(C7*12,0)),"after "&TEXT(EDATE(Inputs!$B$67,240),"yyyy")) -> 49827 | D22: =IF(ISNUMBER(D7),EDATE(Inputs!$B$67,ROUNDDOWN(D7*12,0)),"after "&TEXT(EDATE(Inputs!$B$67,240),"yyyy")) -> 49735 | E22: =IF(ISNUMBER(E7),EDATE(Inputs!$B$67,ROUNDDOWN(E7*12,0)),"after "&TEXT(EDATE(Inputs!$B$67,240),"yyyy")) -> 49949
A24: Binding constraint at collapse | B24: Base (UGVs frozen at today) | C24: Ch1: loss-rate | D24: Ch2: headcount | E24: Combined
A25: Pessimistic | B25: =IFERROR(IF(INDEX(Engine!$R$5:$R$245,MATCH(1,Engine!$U$5:$U$245,0))>1,"Throughput","Pool exhausted"),"Survives 20 yrs") -> Throughput | C25: =IFERROR(IF(INDEX(Engine!$AS$5:$AS$245,MATCH(1,Engine!$AV$5:$AV$245,0))>1,"Throughput","Pool exhausted"),"Survives 20 yrs") -> Throughput | D25: =IFERROR(IF(INDEX(Engine!$BT$5:$BT$245,MATCH(1,Engine!$BW$5:$BW$245,0))>1,"Throughput","Pool exhausted"),"Survives 20 yrs") -> Throughput | E25: =IFERROR(IF(INDEX(Engine!$CU$5:$CU$245,MATCH(1,Engine!$CX$5:$CX$245,0))>1,"Throughput","Pool exhausted"),"Survives 20 yrs") -> Pool exhausted
A26: Central | B26: =IFERROR(IF(INDEX(Engine!$AA$5:$AA$245,MATCH(1,Engine!$AD$5:$AD$245,0))>1,"Throughput","Pool exhausted"),"Survives 20 yrs") -> Pool exhausted | C26: =IFERROR(IF(INDEX(Engine!$BB$5:$BB$245,MATCH(1,Engine!$BE$5:$BE$245,0))>1,"Throughput","Pool exhausted"),"Survives 20 yrs") -> Pool exhausted | D26: =IFERROR(IF(INDEX(Engine!$CC$5:$CC$245,MATCH(1,Engine!$CF$5:$CF$245,0))>1,"Throughput","Pool exhausted"),"Survives 20 yrs") -> Pool exhausted | E26: =IFERROR(IF(INDEX(Engine!$DD$5:$DD$245,MATCH(1,Engine!$DG$5:$DG$245,0))>1,"Throughput","Pool exhausted"),"Survives 20 yrs") -> Pool exhausted
A27: Optimistic | B27: =IFERROR(IF(INDEX(Engine!$AJ$5:$AJ$245,MATCH(1,Engine!$AM$5:$AM$245,0))>1,"Throughput","Pool exhausted"),"Survives 20 yrs") -> Pool exhausted | C27: =IFERROR(IF(INDEX(Engine!$BK$5:$BK$245,MATCH(1,Engine!$BN$5:$BN$245,0))>1,"Throughput","Pool exhausted"),"Survives 20 yrs") -> Pool exhausted | D27: =IFERROR(IF(INDEX(Engine!$CL$5:$CL$245,MATCH(1,Engine!$CO$5:$CO$245,0))>1,"Throughput","Pool exhausted"),"Survives 20 yrs") -> Pool exhausted | E27: =IFERROR(IF(INDEX(Engine!$DM$5:$DM$245,MATCH(1,Engine!$DP$5:$DP$245,0))>1,"Throughput","Pool exhausted"),"Survives 20 yrs") -> Pool exhausted
A29: Central scenario — key numbers | B29: Value | C29: What it means
A30: Total spendable pool (serving + reachable reserve) | B30: =Inputs!C13 -> 1394000 | C30: Lifetime stock of men who could fight
A31: Minimum force to hold the line | B31: =Inputs!C22 -> 495000 | C31: Collapse threshold (front km × men/km × support ratio)
A32: Spendable margin | B32: =Inputs!C23 -> 899000 | C32: Men that can be lost before the line fails
A33: Net monthly drain at start | B33: =Inputs!C34 -> 21250 | C33: Irrecoverable losses + net AWOL + discharges
A34: Gross monthly outflow | B34: =Inputs!C35 -> 29500 | C34: Cross-check: Budanov says ≥30k/mo intake needed to stand still
A35: Mobilization capacity / month | B35: =Inputs!C36 -> 30000 | C35: If below net drain, the binding constraint is throughput, not the pool
A36: Logistics UGV coverage reached at month 24 | B36: =Engine!E29 -> 0.7 | C36: After supply cap (active UGV set)
A37: Ch1 loss-rate cut vs today at month 36 | B37: =1-Engine!G41 -> 0.15768725 | C37: Share of irrecoverable losses avoided
A38: Months where UGV supply caps coverage | B38: =SUM(Engine!K5:K245) -> 0 | C38: Production × survivability can't keep up with target
A39: Extra UGV crews needed at month 36 | B39: =Engine!J41 -> 6000 | C39: Added to minimum force in Ch1 cases
A41: Bridge: Aug 2026 published → v2 Base (Central) | B41: Years | C41: Change
A42: Start: Aug 2026 published (750k pool, 30% floor, 12.5k/mo) | B42: =Inputs!C14*(1-Inputs!C24)/Inputs!C27/12 -> 3.5
A43: Step 1: bottom-up pool (serving + reachable reserve), same 30% floor | B43: =Inputs!C13*(1-Inputs!C24)/Inputs!C27/12 -> 6.5053333 | C43: =IFERROR(B43-B42,"n/a") -> 3.0053333
A44: Step 2: absolute minimum force replaces % floor | B44: =(Inputs!C13-Inputs!C22)/Inputs!C27/12 -> 5.9933333 | C44: =IFERROR(B44-B43,"n/a") -> -0.512
A45: Step 3: net AWOL and discharges added to drain | B45: =(Inputs!C13-Inputs!C22)/Inputs!C34/12 -> 3.5254902 | C45: =IFERROR(B45-B44,"n/a") -> -2.4678431
A46: Step 4: mobilization throughput cap | B46: =_xlfn.LET(_xlpm.S,Inputs!C6,_xlpm.R,Inputs!C12,_xlpm.Q,Inputs!C22,_xlpm.d,Inputs!C34,_xlpm.c,MIN(Inputs!C36,_xlpm.d),_xlpm.dec,_xlpm.d-_xlpm.c,_xlpm.TR,_xlpm.R/_xlpm.c,IF(_xlpm.S<_xlpm.Q,0,IF(AND(_xlpm.dec>0,(_xlpm.S-_xlpm.Q)/MAX(_xlpm.dec,1)<_xlpm.TR),(_xlpm.S-_xlpm.Q)/_xlpm.dec,_xlpm.TR+(_xlpm.S-_xlpm.dec*_xlpm.TR-_xlpm.Q)/_xlpm.d))/12) -> 3.5254902 | C46: =IFERROR(B46-B45,"n/a") -> 0
A47: Step 5: Engine dynamics (drift, elasticity, Russian UGVs) = v2 Base | B47: =B6 -> 3.5950012 | C47: =IFERROR(B47-B46,"n/a") -> 0.069510972
A49: Ch1 + Ch2 UGV effect (Combined, Central) | B49: =IFERROR(E6-B6,"n/a") -> 0.36518871
A50: v2 Combined (Central) | B50: =E6 -> 3.9601899
A55: Extra Bar chart
A56: January | B56: 7511
A57: February | B57: 7960
A58: March | B58: 9072
A59: April | B59: 11028
A60: May | B60: 14059
A61: June | B61: 16664
A62: July | B62: 19969
A63: August | B63: 25000

Sheet Article Table
A1: Article Table — Section 3 (v2; supersedes Aug 2026 figures)
A2: ="Years from "&TEXT(Inputs!B67,"mmm yyyy")&" until the serving force falls below the minimum needed to hold the line. Active UGV set: "&Inputs!B40&"." -> Years from Sep 2026 until the serving force falls below the minimum needed to hold the line. Active UGV set: Central.
A4: Scenario | B4: Aug 2026 published (yrs) | C4: v2 Base (yrs) | D4: v2 with UGVs, Combined (yrs) | E4: Runway added by UGVs (yrs) | F4: Collapse month (Base) | G4: Binding constraint (Base)
A5: Pessimistic | B5: =Inputs!B14*(1-Inputs!B24)/Inputs!B27/12 -> 1.9444444 | C5: =Dashboard!B5 -> 1.1305808 | D5: =Dashboard!E5 -> 1.337348 | E5: =Dashboard!E10 -> 0.20676712 | F5: =Dashboard!B20 -> 46661 | G5: =Dashboard!B25 -> Throughput
A6: Central | B6: =Inputs!C14*(1-Inputs!C24)/Inputs!C27/12 -> 3.5 | C6: =Dashboard!B6 -> 3.5950012 | D6: =Dashboard!E6 -> 3.9601899 | E6: =Dashboard!E11 -> 0.36518871 | F6: =Dashboard!B21 -> 47574 | G6: =Dashboard!B26 -> Pool exhausted
A7: Optimistic | B7: =Inputs!D14*(1-Inputs!D24)/Inputs!D27/12 -> 5.8333333 | C7: =Dashboard!B7 -> 8.9256217 | D7: =Dashboard!E7 -> 10.159425 | E7: =Dashboard!E12 -> 1.2338036 | F7: =Dashboard!B22 -> 49522 | G7: =Dashboard!B27 -> Pool exhausted
A10: What drains the force (Central, men/month) | B10: Men / month | C10: Share of drain | D10: Can UGVs reduce it?
A11: Irrecoverable losses (KIA, MIA, POW, disabled) | B11: =Inputs!C27 -> 12500 | C11: =B11/$B$14 -> 0.58823529 | D11: Yes — Ch1 & Ch2
A12: Net permanent AWOL / desertion | B12: =Inputs!C32 -> 6750 | C12: =B12/$B$14 -> 0.31764706 | D12: No
A13: Other discharges | B13: =Inputs!C33 -> 2000 | C13: =B13/$B$14 -> 0.094117647 | D13: No
A14: Total net drain | B14: =SUM(B11:B13) -> 21250 | C14: =SUM(C11:C13) -> 1
A16: Headline numbers for the text (Central)
A17: Total spendable pool (men) | B17: =Inputs!C13 -> 1394000
A18: Minimum force to hold 1,200 km (men) | B18: =Inputs!C22 -> 495000
A19: Loss-rate cut from UGVs by month 36 | B19: =Dashboard!B37 -> 0.15768725
A20: Runway added by UGVs, Combined (yrs) | B20: =Dashboard!E11 -> 0.36518871
A21: Runway added by UGVs, Combined (%) | B21: =Dashboard!E16 -> 0.10158236

Sheet Inputs
A1: Inputs — Project Broadcast Issue 6 (v2, Sep 2026)
A2: Blue = editable input · Black = formula · Yellow fill = judgment call with no hard public data. Evidence: Reported = official/credible public figure · Estimate = derived from reported figures · Judgment = authors' assumption.
A4: Manpower inputs | B4: Pessimistic | C4: Central | D4: Optimistic | F4: Unit | G4: Evidence | H4: Source / rationale
A5: 1. Manpower pool — lifetime stock of men who could fight (includes all future intake)
A6: Men currently serving in Defence Forces (S0) | B6: 680000 | C6: 800000 | D6: 880000 | F6: men | G6: Reported | H6: Low = IISS 2026 (~677k active). High = Zelensky, Jan 2025 (880k). Central = midpoint allowing for losses/AWOL since.
A7: Civilian men aged 25–60 in government-controlled Ukraine | B7: 4000000 | C7: 4500000 | D7: 5000000 | F7: men | G7: Estimate | H7: ~8.7M conscription-age men pre-invasion fell to ~5M by Feb 2024 (death, emigration). Excludes men abroad. Secondary source — order of magnitude.
A8: Less: reserved ('booked') workers | B8: 1300000 | C8: 1200000 | D8: 1000000 | F8: men | G8: Reported | H8: ~930k–1M booked (Deputy MoD Havryliuk, Aug 2024); +300k over the past year (Economy Minister Sobolev, Jul 2026).
A9: Less: medically unfit / legally exempt (share of remainder) | B9: 0.45 | C9: 0.4 | D9: 0.35 | F9: % | G9: Judgment | H9: Disability, carers, 3+ children, students, unfit per medical commission. No public total.
A10: → Theoretically mobilizable men | B10: =(B7-B8)*(1-B9) -> 1485000 | C10: =(C7-C8)*(1-C9) -> 1980000 | D10: =(D7-D8)*(1-D9) -> 2600000 | F10: men | G10: Formula
A11: Reachability over the war (share realistically drafted) | B11: 0.25 | C11: 0.3 | D11: 0.35 | F11: % | G11: Judgment | H11: Key judgment. Fedorov (Jan 2026): ~2M men avoiding draft notices. Police got >1.5M search requests from recruitment centres in 2026 alone.
A12: → Reachable reserve not yet in uniform (R0) | B12: =B10*B11 -> 371250 | C12: =C10*C11 -> 594000 | D12: =D10*D11 -> 910000 | F12: men | G12: Formula
A13: → Total spendable pool (S0 + R0) | B13: =B6+B12 -> 1051250 | C13: =C6+C12 -> 1394000 | D13: =D6+D12 -> 1790000 | F13: men | G13: Formula | H13: Comparable to the Aug 2026 '500k–1M pool' but built bottom-up.
A14: Memo: Aug 2026 analysis pool (superseded) | B14: 500000 | C14: 750000 | D14: 1000000 | F14: men | G14: Legacy | H14: Used only on the Bridge (Dashboard).
A16: 2. Minimum force to hold the line (collapse threshold)
A17: Active front length | B17: 1250 | C17: 1200 | D17: 1150 | F17: km | G17: Reported | H17: ~1,200 km of active front (Defense News, Apr 2026).
A18: Line troops per km of front (incl. rotation) | B18: 140 | C18: 125 | D18: 110 | F18: men/km | G18: Judgment | H18: Troops in positions + rotation reserve per km. Russia attacks with small, constant assault groups ('thousand cuts'), which forces a continuous line.
A19: → Line requirement | B19: =B17*B18 -> 175000 | C19: =C17*C18 -> 150000 | D19: =D17*D18 -> 126500 | F19: men | G19: Formula | H19: UGV headcount replacement (Ch2) reduces this portion only.
A20: Support/rear troops per line soldier | B20: 2.4 | C20: 2.3 | D20: 2.2 | F20: ratio | G20: Judgment | H20: Drone units, artillery, logistics, air defence, training, border, HQ.
A21: → Support requirement | B21: =B19*B20 -> 420000 | C21: =C19*C20 -> 345000 | D21: =D19*D20 -> 278300 | F21: men | G21: Formula
A22: → Minimum total force before line fails | B22: =B19+B21 -> 595000 | C22: =C19+C21 -> 495000 | D22: =D19+D21 -> 404800 | F22: men | G22: Formula | H22: Absolute threshold, independent of pool size (fixes Aug 2026 floor = 30% of pool).
A23: → Spendable margin (pool − minimum force) | B23: =B13-B22 -> 456250 | C23: =C13-C22 -> 899000 | D23: =D13-D22 -> 1385200 | F23: men | G23: Formula
A24: Memo: Aug 2026 collapse floor (% of pool, superseded) | B24: 0.3 | C24: 0.3 | D24: 0.3 | F24: % | G24: Legacy | H24: Used only on the Bridge.
A26: 3. Monthly flows
A27: Irrecoverable losses / month (KIA, MIA, POW, permanently disabled) | B27: 15000 | C27: 12500 | D27: 10000 | F27: men/mo | G27: Estimate | H27: Dutch MIVD (Apr 2026): ~500k Ukrainian permanent losses since Feb 2022 ≈ 10k/mo average; intensity higher in 2025–26. CSIS (Jan 2026): 100–140k killed to Dec 2025.
A28: Loss-rate drift per year (intensity trend) | B28: 0.05 | C28: 0 | D28: -0.05 | F28: %/yr | G28: Judgment | H28: + = Russian pressure rising. Russia's force grew only ~11k in H1 2026 and contract recruitment fell ~1/3 (Syrskyi, Jul 2026).
A29: Loss elasticity to force size | B29: 0 | C29: 0.25 | D29: 0.5 | F29: exponent | G29: Judgment | H29: 0 = losses fixed by Russian pressure; 1 = losses fall 1:1 as the force shrinks. The line is held at minimum manning, so elasticity is low.
A30: AWOL / desertion cases per month (gross) | B30: 18000 | C30: 15000 | D30: 12000 | F30: men/mo | G30: Reported | H30: Prosecutor General: 161,461 AWOL + 21,479 desertion cases Jan–Oct 2025 (~18k/mo). Statistics classified since Nov 2025.
A31: Share of AWOL who return to service | B31: 0.4 | C31: 0.55 | D31: 0.65 | F31: % | G31: Judgment | H31: Return-without-prosecution pathway (draft law 16074, Sep 2026). Fedorov: ~200k AWOL at a point in time (Jan 2026).
A32: → Net permanent AWOL loss / month | B32: =B30*(1-B31) -> 10800 | C32: =C30*(1-C31) -> 6750 | D32: =D30*(1-D31) -> 4200 | F32: men/mo | G32: Formula | H32: Scales with force size in the Engine.
A33: Other discharges / month (age-out, non-combat medical, demobilization) | B33: 2500 | C33: 2000 | D33: 1500 | F33: men/mo | G33: Judgment
A34: → Net monthly drain at start | B34: =B27+B32+B33 -> 28300 | C34: =C27+C32+C33 -> 21250 | D34: =D27+D32+D33 -> 15700 | F34: men/mo | G34: Formula
A35: → Gross monthly outflow (cross-check) | B35: =B27+B30+B33 -> 35500 | C35: =C27+C30+C33 -> 29500 | D35: =D27+D30+D33 -> 23500 | F35: men/mo | G35: Formula | H35: Should be close to Budanov's 30k/mo 'needed to maintain what we have' (Aug 2026). See Checks tab.
A36: Mobilization throughput capacity / month | B36: 22000 | C36: 30000 | D36: 34000 | F36: men/mo | G36: Reported | H36: SCEEUS (Dec 2025): 17–24k/mo. Zelensky (Feb 2026): 30–34k/mo. Budanov (Aug 2026): ≥30k/mo needed.
A39: 4. UGV assumptions (choose set in B40) | B39: Low | C39: Central | D39: High | E39: Active | F39: Unit | G39: Evidence | H39: Source / rationale
A40: Active UGV assumption set → | B40: Central | E40: =MATCH(B40,B39:D39,0) -> 2 | F40: index | G40: Switch | H40: Dropdown: Low / Central / High. Applies to all manpower scenarios.
A41: Loss share: logistics, resupply & casevac tasks | B41: 0.2 | C41: 0.25 | D41: 0.3 | E41: {=INDEX(B41:D41,$E$40)} -> 0.25 | F41: % of losses | G41: Judgment | H41: No public split. Resupply/evac runs through the drone kill zone.
A42: Loss share: combat tasks (holding positions, assault) | B42: =1-B41 -> 0.8 | C42: =1-C41 -> 0.75 | D42: =1-D41 -> 0.7 | E42: {=INDEX(B42:D42,$E$40)} -> 0.75 | F42: % of losses | G42: Formula | H42: Residual.
A43: UGV missions / month today | B43: 24000 | C43: 24000 | D43: 24000 | E43: {=INDEX(B43:D43,$E$40)} -> 24000 | F43: missions/mo | G43: Reported | H43: MoD data via Defense Post: 19,969 missions in Jul 2026; 15,729 on Aug 1–20 (~24k/mo pace).
A44: Logistics coverage today (share of frontline logistics runs) | B44: 0.2 | C44: 0.2 | D44: 0.2 | E44: {=INDEX(B44:D44,$E$40)} -> 0.2 | F44: % | G44: Judgment | H44: Contested: an industry source (Ratel Robotics, Apr 2026) claims ~80%. We use 20% because ~800 missions/day across 1,200 km is thin. Stress-test this.
A45: → Implied total logistics runs / month at 100% coverage | B45: =B43/B44 -> 120000 | C45: =C43/C44 -> 120000 | D45: =D43/D44 -> 120000 | E45: {=INDEX(B45:D45,$E$40)} -> 120000 | F45: runs/mo | G45: Formula | H45: Anchors the supply check.
A46: Logistics coverage — target | B46: 0.5 | C46: 0.7 | D46: 0.85 | E46: {=INDEX(B46:D46,$E$40)} -> 0.7 | F46: % | G46: Judgment | H46: MoD goal = 100% of frontline logistics by robots (Fedorov, Apr 2026), haircut for terrain, EW and attrition.
A47: Logistics coverage ramp | B47: 30 | C47: 24 | D47: 18 | E47: {=INDEX(B47:D47,$E$40)} -> 24 | F47: months | G47: Judgment | H47: Months from today to target (linear); may be further capped by supply.
A48: Combat UGV coverage — today | B48: 0.02 | C48: 0.02 | D48: 0.02 | E48: {=INDEX(B48:D48,$E$40)} -> 0.02 | F48: % | G48: Judgment | H48: Armed UGVs in early use (e.g. Droid TW-12.7 held a position for 45 days).
A49: Combat UGV coverage — target | B49: 0.05 | C49: 0.12 | D49: 0.2 | E49: {=INDEX(B49:D49,$E$40)} -> 0.12 | F49: % | G49: Judgment | H49: Combat UGVs attract FPV drones; heavy weapons make a UGV hard to mask (Foreign Policy, Apr 2026).
A50: Combat coverage ramp | B50: 48 | C50: 36 | D50: 30 | E50: {=INDEX(B50:D50,$E$40)} -> 36 | F50: months | G50: Judgment
A51: Loss avoided per UGV-covered mission (efficacy) | B51: 0.65 | C51: 0.75 | D51: 0.85 | E51: {=INDEX(B51:D51,$E$40)} -> 0.75 | F51: % | G51: Judgment | H51: <100%: operators, recovery and repair crews stay exposed.
A52: Headcount replaced by UGVs — target (share of line troops, net of operators) | B52: 0.05 | C52: 0.1 | D52: 0.2 | E52: {=INDEX(B52:D52,$E$40)} -> 0.1 | F52: % | G52: Judgment | H52: Biletsky (3rd Army Corps, Mar 2026): up to 1/3 eventually. Central = under 1/3 of that ceiling.
A53: Headcount ramp | B53: 48 | C53: 48 | D53: 36 | E53: {=INDEX(B53:D53,$E$40)} -> 48 | F53: months | G53: Judgment | H53: Starts from ~0 today.
A54: Channel overlap haircut (combined case) | B54: 0.6 | C54: 0.5 | D54: 0.4 | E54: {=INDEX(B54:D54,$E$40)} -> 0.5 | F54: % | G54: Judgment | H54: Share of Ch2 already captured by Ch1.
A55: UGV deliveries / month today | B55: 3500 | C55: 4200 | D55: 5000 | E55: {=INDEX(B55:D55,$E$40)} -> 4200 | F55: UGVs/mo | G55: Reported | H55: 2026 goal of 50,000 UGVs (≈4.2k/mo); >22,000 contracted by 20 Jul 2026 (MoD). 15,000 contracted in 2025.
A56: Annual growth in UGV deliveries | B56: 0.15 | C56: 0.4 | D56: 0.75 | E56: {=INDEX(B56:D56,$E$40)} -> 0.4 | F56: %/yr | G56: Judgment
A57: Industrial ceiling on deliveries | B57: 8000 | C57: 15000 | D57: 25000 | E57: {=INDEX(B57:D57,$E$40)} -> 15000 | F57: UGVs/mo | G57: Judgment
A58: Missions per UGV before loss / write-off | B58: 6 | C58: 12 | D58: 20 | E58: {=INDEX(B58:D58,$E$40)} -> 12 | F58: missions | G58: Judgment | H58: Implied ~7 if all 2026 deliveries were consumed at current mission rates. FPV drones increasingly hunt ground robots (Hudson, Aug 2026).
A59: Annual change in UGV lifetime (RU counter-UGV vs UKR survivability) | B59: -0.2 | C59: 0 | D59: 0.15 | E59: {=INDEX(B59:D59,$E$40)} -> 0 | F59: %/yr | G59: Judgment | H59: Russian adaptation (FPV drones, mines, EW) vs Ukrainian armour and autonomy upgrades.
A60: Missions per active UGV per month | B60: 8 | C60: 10 | D60: 12 | E60: {=INDEX(B60:D60,$E$40)} -> 10 | F60: missions/mo | G60: Judgment | H60: Sizes the active fleet → operator headcount.
A61: Crew (operators + maintainers) per active UGV | B61: 1.5 | C61: 1 | D61: 0.7 | E61: {=INDEX(B61:D61,$E$40)} -> 1 | F61: men | G61: Judgment | H61: Robots still need people; added to minimum force in Ch1 cases.
A62: Russian UGV pressure on UKR losses — today | B62: 0 | C62: 0 | D62: 0 | E62: {=INDEX(B62:D62,$E$40)} -> 0 | F62: % uplift | G62: Judgment | H62: Applies to ALL cases incl. Base (Russia fields UGVs regardless).
A63: Russian UGV pressure — target | B63: 0.08 | C63: 0.03 | D63: 0 | E63: {=INDEX(B63:D63,$E$40)} -> 0.03 | F63: % uplift | G63: Judgment
A64: Russian pressure ramp | B64: 24 | C64: 24 | D64: 24 | E64: {=INDEX(B64:D64,$E$40)} -> 24 | F64: months | G64: Judgment
A66: 5. Model settings
A67: Model start (month 0) | B67: =DATE(2026,9,1) -> 46266 | F67: date | G67: Setting | H67: Month 0 = Sep 2026. Horizon 240 months.
A69: 6. Case switches | B69: Ch1 loss-rate (1=on) | C69: Ch2 headcount (1=on) | H69: Description
A70: Base (UGV use frozen at today's level) | B70: 0 | C70: 0 | G70: Switch | H70: Today's loss rate already reflects today's UGVs; Base holds coverage flat.
A71: Ch1: loss-rate only | B71: 1 | C71: 0 | G71: Switch | H71: Robots take missions above today's level; same headcount (plus operators).
A72: Ch2: headcount only | B72: 0 | C72: 1 | G72: Switch | H72: Robots replace line soldiers: fewer exposed, lower line requirement.
A73: Combined | B73: 1 | C73: 1 | G73: Switch | H73: Both, with overlap haircut.

Sheet Engine
A1: Engine — month-by-month stock-flow (do not edit). Serving force S and untapped reserve R; collapse when S < minimum force.
A2: Common UGV columns use the ACTIVE UGV set (Inputs!B40). Blocks = case × manpower scenario. Month 0 = Inputs!B67.
C3: Common UGV drivers | M3: Base (UGVs frozen at today) — Pessimistic | V3: Base (UGVs frozen at today) — Central | AE3: Base (UGVs frozen at today) — Optimistic | AN3: Ch1: loss-rate — Pessimistic | AW3: Ch1: loss-rate — Central | BF3: Ch1: loss-rate — Optimistic | BO3: Ch2: headcount — Pessimistic | BX3: Ch2: headcount — Central | CG3: Ch2: headcount — Optimistic | CP3: Combined — Pessimistic | CY3: Combined — Central | DH3: Combined — Optimistic
A4: Month | B4: Date | C4: Log cov (ramp) | D4: Log cov (supply max) | E4: Log cov (effective) | F4: Combat cov | G4: Ch1 loss mult (vs today) | H4: Headcount repl h | I4: RU UGV pressure | J4: UGV crew (incremental) | K4: Supply-bound? | M4: Intake | N4: Loss | O4: AWOL net | P4: Discharge | Q4: Serving S | R4: Reserve R | S4: Min force | T4: Gap S−min | U4: Broken? | V4: Intake | W4: Loss | X4: AWOL net | Y4: Discharge | Z4: Serving S | AA4: Reserve R | AB4: Min force | AC4: Gap S−min | AD4: Broken? | AE4: Intake | AF4: Loss | AG4: AWOL net | AH4: Discharge | AI4: Serving S | AJ4: Reserve R | AK4: Min force | AL4: Gap S−min | AM4: Broken? | AN4: Intake | AO4: Loss | AP4: AWOL net | AQ4: Discharge | AR4: Serving S | AS4: Reserve R | AT4: Min force | AU4: Gap S−min | AV4: Broken? | AW4: Intake | AX4: Loss | AY4: AWOL net | AZ4: Discharge | BA4: Serving S | BB4: Reserve R | BC4: Min force | BD4: Gap S−min | BE4: Broken? | BF4: Intake | BG4: Loss | BH4: AWOL net | BI4: Discharge | BJ4: Serving S | BK4: Reserve R | BL4: Min force | BM4: Gap S−min | BN4: Broken? | BO4: Intake | BP4: Loss | BQ4: AWOL net | BR4: Discharge | BS4: Serving S | BT4: Reserve R | BU4: Min force | BV4: Gap S−min | BW4: Broken? | BX4: Intake | BY4: Loss | BZ4: AWOL net | CA4: Discharge | CB4: Serving S | CC4: Reserve R | CD4: Min force | CE4: Gap S−min | CF4: Broken? | CG4: Intake | CH4: Loss | CI4: AWOL net | CJ4: Discharge | CK4: Serving S | CL4: Reserve R | CM4: Min force | CN4: Gap S−min | CO4: Broken? | CP4: Intake | CQ4: Loss | CR4: AWOL net | CS4: Discharge | CT4: Serving S | CU4: Reserve R | CV4: Min force | CW4: Gap S−min | CX4: Broken? | CY4: Intake | CZ4: Loss | DA4: AWOL net | DB4: Discharge | DC4: Serving S | DD4: Reserve R | DE4: Min force | DF4: Gap S−min | DG4: Broken? | DH4: Intake | DI4: Loss | DJ4: AWOL net | DK4: Discharge | DL4: Serving S | DM4: Reserve R | DN4: Min force | DO4: Gap S−min | DP4: Broken?
A5: 0 | B5: =EDATE(Inputs!$B$67,$A5) -> 46266 | C5: =IF(Inputs!$E$47<=0,Inputs!$E$46,Inputs!$E$44+(Inputs!$E$46-Inputs!$E$44)*MIN($A5/Inputs!$E$47,1)) -> 0.2 | D5: =MIN(Inputs!$E$57,Inputs!$E$55*(1+Inputs!$E$56)^($A5/12))*Inputs!$E$58*(1+Inputs!$E$59)^($A5/12)/Inputs!$E$45 -> 0.42 | E5: =MAX(Inputs!$E$44,MIN(C5,D5)) -> 0.2 | F5: =IF(Inputs!$E$50<=0,Inputs!$E$49,Inputs!$E$48+(Inputs!$E$49-Inputs!$E$48)*MIN($A5/Inputs!$E$50,1)) -> 0.02 | G5: =(Inputs!$E$41*(1-E5*Inputs!$E$51)+Inputs!$E$42*(1-F5*Inputs!$E$51))/(Inputs!$E$41*(1-Inputs!$E$44*Inputs!$E$51)+Inputs!$E$42*(1-Inputs!$E$48*Inputs!$E$51)) -> 1 | H5: =IF(Inputs!$E$53<=0,Inputs!$E$52,Inputs!$E$52*MIN($A5/Inputs!$E$53,1)) -> 0 | I5: =IF(Inputs!$E$64<=0,Inputs!$E$63,Inputs!$E$62+(Inputs!$E$63-Inputs!$E$62)*MIN($A5/Inputs!$E$64,1)) -> 0 | J5: =(E5-Inputs!$E$44)*Inputs!$E$45/Inputs!$E$60*Inputs!$E$61 -> 0 | K5: =IF(D5<C5,1,0) -> 0 | M5: 0 | N5: 0 | O5: 0 | P5: 0 | Q5: =Inputs!$B$6 -> 680000 | R5: =Inputs!$B$12 -> 371250 | S5: =Inputs!$B$19*(1-Inputs!$C$70*$H5)+Inputs!$B$21+Inputs!$B$70*$J5 -> 595000 | T5: =Q5-S5 -> 85000 | U5: =IF(T5<0,1,0) -> 0 | V5: 0 | W5: 0 | X5: 0 | Y5: 0 | Z5: =Inputs!$C$6 -> 800000 | AA5: =Inputs!$C$12 -> 594000 | AB5: =Inputs!$C$19*(1-Inputs!$C$70*$H5)+Inputs!$C$21+Inputs!$B$70*$J5 -> 495000 | AC5: =Z5-AB5 -> 305000 | AD5: =IF(AC5<0,1,0) -> 0 | AE5: 0 | AF5: 0 | AG5: 0 | AH5: 0 | AI5: =Inputs!$D$6 -> 880000 | AJ5: =Inputs!$D$12 -> 910000 | AK5: =Inputs!$D$19*(1-Inputs!$C$70*$H5)+Inputs!$D$21+Inputs!$B$70*$J5 -> 404800 | AL5: =AI5-AK5 -> 475200 | AM5: =IF(AL5<0,1,0) -> 0 | AN5: 0 | AO5: 0 | AP5: 0 | AQ5: 0 | AR5: =Inputs!$B$6 -> 680000 | AS5: =Inputs!$B$12 -> 371250 | AT5: =Inputs!$B$19*(1-Inputs!$C$71*$H5)+Inputs!$B$21+Inputs!$B$71*$J5 -> 595000 | AU5: =AR5-AT5 -> 85000 | AV5: =IF(AU5<0,1,0) -> 0 | AW5: 0 | AX5: 0 | AY5: 0 | AZ5: 0 | BA5: =Inputs!$C$6 -> 800000 | BB5: =Inputs!$C$12 -> 594000 | BC5: =Inputs!$C$19*(1-Inputs!$C$71*$H5)+Inputs!$C$21+Inputs!$B$71*$J5 -> 495000 | BD5: =BA5-BC5 -> 305000 | BE5: =IF(BD5<0,1,0) -> 0 | BF5: 0 | BG5: 0 | BH5: 0 | BI5: 0 | BJ5: =Inputs!$D$6 -> 880000 | BK5: =Inputs!$D$12 -> 910000 | BL5: =Inputs!$D$19*(1-Inputs!$C$71*$H5)+Inputs!$D$21+Inputs!$B$71*$J5 -> 404800 | BM5: =BJ5-BL5 -> 475200 | BN5: =IF(BM5<0,1,0) -> 0 | BO5: 0 | BP5: 0 | BQ5: 0 | BR5: 0 | BS5: =Inputs!$B$6 -> 680000 | BT5: =Inputs!$B$12 -> 371250 | BU5: =Inputs!$B$19*(1-Inputs!$C$72*$H5)+Inputs!$B$21+Inputs!$B$72*$J5 -> 595000 | BV5: =BS5-BU5 -> 85000 | BW5: =IF(BV5<0,1,0) -> 0 | BX5: 0 | BY5: 0 | BZ5: 0 | CA5: 0 | CB5: =Inputs!$C$6 -> 800000 | CC5: =Inputs!$C$12 -> 594000 | CD5: =Inputs!$C$19*(1-Inputs!$C$72*$H5)+Inputs!$C$21+Inputs!$B$72*$J5 -> 495000 | CE5: =CB5-CD5 -> 305000 | CF5: =IF(CE5<0,1,0) -> 0 | CG5: 0 | CH5: 0 | CI5: 0 | CJ5: 0 | CK5: =Inputs!$D$6 -> 880000 | CL5: =Inputs!$D$12 -> 910000 | CM5: =Inputs!$D$19*(1-Inputs!$C$72*$H5)+Inputs!$D$21+Inputs!$B$72*$J5 -> 404800 | CN5: =CK5-CM5 -> 475200 | CO5: =IF(CN5<0,1,0) -> 0 | CP5: 0 | CQ5: 0 | CR5: 0 | CS5: 0 | CT5: =Inputs!$B$6 -> 680000 | CU5: =Inputs!$B$12 -> 371250 | CV5: =Inputs!$B$19*(1-Inputs!$C$73*$H5)+Inputs!$B$21+Inputs!$B$73*$J5 -> 595000 | CW5: =CT5-CV5 -> 85000 | CX5: =IF(CW5<0,1,0) -> 0 | CY5: 0 | CZ5: 0 | DA5: 0 | DB5: 0 | DC5: =Inputs!$C$6 -> 800000 | DD5: =Inputs!$C$12 -> 594000 | DE5: =Inputs!$C$19*(1-Inputs!$C$73*$H5)+Inputs!$C$21+Inputs!$B$73*$J5 -> 495000 | DF5: =DC5-DE5 -> 305000 | DG5: =IF(DF5<0,1,0) -> 0 | DH5: 0 | DI5: 0 | DJ5: 0 | DK5: 0 | DL5: =Inputs!$D$6 -> 880000 | DM5: =Inputs!$D$12 -> 910000 | DN5: =Inputs!$D$19*(1-Inputs!$C$73*$H5)+Inputs!$D$21+Inputs!$B$73*$J5 -> 404800 | DO5: =DL5-DN5 -> 475200 | DP5: =IF(DO5<0,1,0) -> 0
A6: 1 | B6: =EDATE(Inputs!$B$67,$A6) -> 46296 | C6: =IF(Inputs!$E$47<=0,Inputs!$E$46,Inputs!$E$44+(Inputs!$E$46-Inputs!$E$44)*MIN($A6/Inputs!$E$47,1)) -> 0.22083333 | D6: =MIN(Inputs!$E$57,Inputs!$E$55*(1+Inputs!$E$56)^($A6/12))*Inputs!$E$58*(1+Inputs!$E$59)^($A6/12)/Inputs!$E$45 -> 0.43194319 | E6: =MAX(Inputs!$E$44,MIN(C6,D6)) -> 0.22083333 | F6: =IF(Inputs!$E$50<=0,Inputs!$E$49,Inputs!$E$48+(Inputs!$E$49-Inputs!$E$48)*MIN($A6/Inputs!$E$50,1)) -> 0.022777778 | G6: =(Inputs!$E$41*(1-E6*Inputs!$E$51)+Inputs!$E$42*(1-F6*Inputs!$E$51))/(Inputs!$E$41*(1-Inputs!$E$44*Inputs!$E$51)+Inputs!$E$42*(1-Inputs!$E$48*Inputs!$E$51)) -> 0.99425099 | H6: =IF(Inputs!$E$53<=0,Inputs!$E$52,Inputs!$E$52*MIN($A6/Inputs!$E$53,1)) -> 0.0020833333 | I6: =IF(Inputs!$E$64<=0,Inputs!$E$63,Inputs!$E$62+(Inputs!$E$63-Inputs!$E$62)*MIN($A6/Inputs!$E$64,1)) -> 0.00125 | J6: =(E6-Inputs!$E$44)*Inputs!$E$45/Inputs!$E$60*Inputs!$E$61 -> 250 | K6: =IF(D6<C6,1,0) -> 0 | M6: =MAX(0,MIN(Inputs!$B$36,R5,N6+O6+P6+Inputs!$B$6-Q5)) -> 22000 | N6: =Inputs!$B$27*(1+Inputs!$B$28)^($A6/12)*IF(Inputs!$B$70=1,$G6,1)*(1-Inputs!$C$70*$H6*(1-Inputs!$E$54*Inputs!$B$70))*(1+$I6)*IF(Inputs!$B$29=0,1,(MAX(Q5,0)/Inputs!$B$6)^Inputs!$B$29) -> 15079.938 | O6: =Inputs!$B$32*Q5/Inputs!$B$6 -> 10800 | P6: =Inputs!$B$33 -> 2500 | Q6: =MAX(Q5+M6-N6-O6-P6,0) -> 673620.06 | R6: =R5-M6 -> 349250 | S6: =Inputs!$B$19*(1-Inputs!$C$70*$H6)+Inputs!$B$21+Inputs!$B$70*$J6 -> 595000 | T6: =Q6-S6 -> 78620.062 | U6: =IF(T6<0,1,0) -> 0 | V6: =MAX(0,MIN(Inputs!$C$36,AA5,W6+X6+Y6+Inputs!$C$6-Z5)) -> 21265.625 | W6: =Inputs!$C$27*(1+Inputs!$C$28)^($A6/12)*IF(Inputs!$B$70=1,$G6,1)*(1-Inputs!$C$70*$H6*(1-Inputs!$E$54*Inputs!$B$70))*(1+$I6)*IF(Inputs!$C$29=0,1,(MAX(Z5,0)/Inputs!$C$6)^Inputs!$C$29) -> 12515.625 | X6: =Inputs!$C$32*Z5/Inputs!$C$6 -> 6750 | Y6: =Inputs!$C$33 -> 2000 | Z6: =MAX(Z5+V6-W6-X6-Y6,0) -> 800000 | AA6: =AA5-V6 -> 572734.38 | AB6: =Inputs!$C$19*(1-Inputs!$C$70*$H6)+Inputs!$C$21+Inputs!$B$70*$J6 -> 495000 | AC6: =Z6-AB6 -> 305000 | AD6: =IF(AC6<0,1,0) -> 0 | AE6: =MAX(0,MIN(Inputs!$D$36,AJ5,AF6+AG6+AH6+Inputs!$D$6-AI5)) -> 15669.793 | AF6: =Inputs!$D$27*(1+Inputs!$D$28)^($A6/12)*IF(Inputs!$B$70=1,$G6,1)*(1-Inputs!$C$70*$H6*(1-Inputs!$E$54*Inputs!$B$70))*(1+$I6)*IF(Inputs!$D$29=0,1,(MAX(AI5,0)/Inputs!$D$6)^Inputs!$D$29) -> 9969.7935 | AG6: =Inputs!$D$32*AI5/Inputs!$D$6 -> 4200 | AH6: =Inputs!$D$33 -> 1500 | AI6: =MAX(AI5+AE6-AF6-AG6-AH6,0) -> 880000 | AJ6: =AJ5-AE6 -> 894330.21 | AK6: =Inputs!$D$19*(1-Inputs!$C$70*$H6)+Inputs!$D$21+Inputs!$B$70*$J6 -> 404800 | AL6: =AI6-AK6 -> 475200 | AM6: =IF(AL6<0,1,0) -> 0 | AN6: =MAX(0,MIN(Inputs!$B$36,AS5,AO6+AP6+AQ6+Inputs!$B$6-AR5)) -> 22000 | AO6: =Inputs!$B$27*(1+Inputs!$B$28)^($A6/12)*IF(Inputs!$B$71=1,$G6,1)*(1-Inputs!$C$71*$H6*(1-Inputs!$E$54*Inputs!$B$71))*(1+$I6)*IF(Inputs!$B$29=0,1,(MAX(AR5,0)/Inputs!$B$6)^Inputs!$B$29) -> 14993.243 | AP6: =Inputs!$B$32*AR5/Inputs!$B$6 -> 10800 | AQ6: =Inputs!$B$33 -> 2500 | AR6: =MAX(AR5+AN6-AO6-AP6-AQ6,0) -> 673706.76 | AS6: =AS5-AN6 -> 349250 | AT6: =Inputs!$B$19*(1-Inputs!$C$71*$H6)+Inputs!$B$21+Inputs!$B$71*$J6 -> 595250 | AU6: =AR6-AT6 -> 78456.757 | AV6: =IF(AU6<0,1,0) -> 0 | AW6: =MAX(0,MIN(Inputs!$C$36,BB5,AX6+AY6+AZ6+Inputs!$C$6-BA5)) -> 21193.672 | AX6: =Inputs!$C$27*(1+Inputs!$C$28)^($A6/12)*IF(Inputs!$B$71=1,$G6,1)*(1-Inputs!$C$71*$H6*(1-Inputs!$E$54*Inputs!$B$71))*(1+$I6)*IF(Inputs!$C$29=0,1,(MAX(BA5,0)/Inputs!$C$6)^Inputs!$C$29) -> 12443.672 | AY6: =Inputs!$C$32*BA5/Inputs!$C$6 -> 6750 | AZ6: =Inputs!$C$33 -> 2000 | BA6: =MAX(BA5+AW6-AX6-AY6-AZ6,0) -> 800000 | BB6: =BB5-AW6 -> 572806.33 | BC6: =Inputs!$C$19*(1-Inputs!$C$71*$H6)+Inputs!$C$21+Inputs!$B$71*$J6 -> 495250 | BD6: =BA6-BC6 -> 304750 | BE6: =IF(BD6<0,1,0) -> 0 | BF6: =MAX(0,MIN(Inputs!$D$36,BK5,BG6+BH6+BI6+Inputs!$D$6-BJ5)) -> 15612.477 | BG6: =Inputs!$D$27*(1+Inputs!$D$28)^($A6/12)*IF(Inputs!$B$71=1,$G6,1)*(1-Inputs!$C$71*$H6*(1-Inputs!$E$54*Inputs!$B$71))*(1+$I6)*IF(Inputs!$D$29=0,1,(MAX(BJ5,0)/Inputs!$D$6)^Inputs!$D$29) -> 9912.477 | BH6: =Inputs!$D$32*BJ5/Inputs!$D$6 -> 4200 | BI6: =Inputs!$D$33 -> 1500 | BJ6: =MAX(BJ5+BF6-BG6-BH6-BI6,0) -> 880000 | BK6: =BK5-BF6 -> 894387.52 | BL6: =Inputs!$D$19*(1-Inputs!$C$71*$H6)+Inputs!$D$21+Inputs!$B$71*$J6 -> 405050 | BM6: =BJ6-BL6 -> 474950 | BN6: =IF(BM6<0,1,0) -> 0 | BO6: =MAX(0,MIN(Inputs!$B$36,BT5,BP6+BQ6+BR6+Inputs!$B$6-BS5)) -> 22000 | BP6: =Inputs!$B$27*(1+Inputs!$B$28)^($A6/12)*IF(Inputs!$B$72=1,$G6,1)*(1-Inputs!$C$72*$H6*(1-Inputs!$E$54*Inputs!$B$72))*(1+$I6)*IF(Inputs!$B$29=0,1,(MAX(BS5,0)/Inputs!$B$6)^Inputs!$B$29) -> 15048.522 | BQ6: =Inputs!$B$32*BS5/Inputs!$B$6 -> 10800 | BR6: =Inputs!$B$33 -> 2500 | BS6: =MAX(BS5+BO6-BP6-BQ6-BR6,0) -> 673651.48 | BT6: =BT5-BO6 -> 349250 | BU6: =Inputs!$B$19*(1-Inputs!$C$72*$H6)+Inputs!$B$21+Inputs!$B$72*$J6 -> 594635.42 | BV6: =BS6-BU6 -> 79016.062 | BW6: =IF(BV6<0,1,0) -> 0 | BX6: =MAX(0,MIN(Inputs!$C$36,CC5,BY6+BZ6+CA6+Inputs!$C$6-CB5)) -> 21239.551 | BY6: =Inputs!$C$27*(1+Inputs!$C$28)^($A6/12)*IF(Inputs!$B$72=1,$G6,1)*(1-Inputs!$C$72*$H6*(1-Inputs!$E$54*Inputs!$B$72))*(1+$I6)*IF(Inputs!$C$29=0,1,(MAX(CB5,0)/Inputs!$C$6)^Inputs!$C$29) -> 12489.551 | BZ6: =Inputs!$C$32*CB5/Inputs!$C$6 -> 6750 | CA6: =Inputs!$C$33 -> 2000 | CB6: =MAX(CB5+BX6-BY6-BZ6-CA6,0) -> 800000 | CC6: =CC5-BX6 -> 572760.45 | CD6: =Inputs!$C$19*(1-Inputs!$C$72*$H6)+Inputs!$C$21+Inputs!$B$72*$J6 -> 494687.5 | CE6: =CB6-CD6 -> 305312.5 | CF6: =IF(CE6<0,1,0) -> 0 | CG6: =MAX(0,MIN(Inputs!$D$36,CL5,CH6+CI6+CJ6+Inputs!$D$6-CK5)) -> 15649.023 | CH6: =Inputs!$D$27*(1+Inputs!$D$28)^($A6/12)*IF(Inputs!$B$72=1,$G6,1)*(1-Inputs!$C$72*$H6*(1-Inputs!$E$54*Inputs!$B$72))*(1+$I6)*IF(Inputs!$D$29=0,1,(MAX(CK5,0)/Inputs!$D$6)^Inputs!$D$29) -> 9949.0231 | CI6: =Inputs!$D$32*CK5/Inputs!$D$6 -> 4200 | CJ6: =Inputs!$D$33 -> 1500 | CK6: =MAX(CK5+CG6-CH6-CI6-CJ6,0) -> 880000 | CL6: =CL5-CG6 -> 894350.98 | CM6: =Inputs!$D$19*(1-Inputs!$C$72*$H6)+Inputs!$D$21+Inputs!$B$72*$J6 -> 404536.46 | CN6: =CK6-CM6 -> 475463.54 | CO6: =IF(CN6<0,1,0) -> 0 | CP6: =MAX(0,MIN(Inputs!$B$36,CU5,CQ6+CR6+CS6+Inputs!$B$6-CT5)) -> 22000 | CQ6: =Inputs!$B$27*(1+Inputs!$B$28)^($A6/12)*IF(Inputs!$B$73=1,$G6,1)*(1-Inputs!$C$73*$H6*(1-Inputs!$E$54*Inputs!$B$73))*(1+$I6)*IF(Inputs!$B$29=0,1,(MAX(CT5,0)/Inputs!$B$6)^Inputs!$B$29) -> 14977.626 | CR6: =Inputs!$B$32*CT5/Inputs!$B$6 -> 10800 | CS6: =Inputs!$B$33 -> 2500 | CT6: =MAX(CT5+CP6-CQ6-CR6-CS6,0) -> 673722.37 | CU6: =CU5-CP6 -> 349250 | CV6: =Inputs!$B$19*(1-Inputs!$C$73*$H6)+Inputs!$B$21+Inputs!$B$73*$J6 -> 594885.42 | CW6: =CT6-CV6 -> 78836.958 | CX6: =IF(CW6<0,1,0) -> 0 | CY6: =MAX(0,MIN(Inputs!$C$36,DD5,CZ6+DA6+DB6+Inputs!$C$6-DC5)) -> 21180.71 | CZ6: =Inputs!$C$27*(1+Inputs!$C$28)^($A6/12)*IF(Inputs!$B$73=1,$G6,1)*(1-Inputs!$C$73*$H6*(1-Inputs!$E$54*Inputs!$B$73))*(1+$I6)*IF(Inputs!$C$29=0,1,(MAX(DC5,0)/Inputs!$C$6)^Inputs!$C$29) -> 12430.71 | DA6: =Inputs!$C$32*DC5/Inputs!$C$6 -> 6750 | DB6: =Inputs!$C$33 -> 2000 | DC6: =MAX(DC5+CY6-CZ6-DA6-DB6,0) -> 800000 | DD6: =DD5-CY6 -> 572819.29 | DE6: =Inputs!$C$19*(1-Inputs!$C$73*$H6)+Inputs!$C$21+Inputs!$B$73*$J6 -> 494937.5 | DF6: =DC6-DE6 -> 305062.5 | DG6: =IF(DF6<0,1,0) -> 0 | DH6: =MAX(0,MIN(Inputs!$D$36,DM5,DI6+DJ6+DK6+Inputs!$D$6-DL5)) -> 15602.152 | DI6: =Inputs!$D$27*(1+Inputs!$D$28)^($A6/12)*IF(Inputs!$B$73=1,$G6,1)*(1-Inputs!$C$73*$H6*(1-Inputs!$E$54*Inputs!$B$73))*(1+$I6)*IF(Inputs!$D$29=0,1,(MAX(DL5,0)/Inputs!$D$6)^Inputs!$D$29) -> 9902.1515 | DJ6: =Inputs!$D$32*DL5/Inputs!$D$6 -> 4200 | DK6: =Inputs!$D$33 -> 1500 | DL6: =MAX(DL5+DH6-DI6-DJ6-DK6,0) -> 880000 | DM6: =DM5-DH6 -> 894397.85 | DN6: =Inputs!$D$19*(1-Inputs!$C$73*$H6)+Inputs!$D$21+Inputs!$B$73*$J6 -> 404786.46 | DO6: =DL6-DN6 -> 475213.54 | DP6: =IF(DO6<0,1,0) -> 0
A7: 2 | B7: =EDATE(Inputs!$B$67,$A7) -> 46327 | C7: =IF(Inputs!$E$47<=0,Inputs!$E$46,Inputs!$E$44+(Inputs!$E$46-Inputs!$E$44)*MIN($A7/Inputs!$E$47,1)) -> 0.24166667 | D7: =MIN(Inputs!$E$57,Inputs!$E$55*(1+Inputs!$E$56)^($A7/12))*Inputs!$E$58*(1+Inputs!$E$59)^($A7/12)/Inputs!$E$45 -> 0.44422599 | E7: =MAX(Inputs!$E$44,MIN(C7,D7)) -> 0.24166667 | F7: =IF(Inputs!$E$50<=0,Inputs!$E$49,Inputs!$E$48+(Inputs!$E$49-Inputs!$E$48)*MIN($A7/Inputs!$E$50,1)) -> 0.025555556 | G7: =(Inputs!$E$41*(1-E7*Inputs!$E$51)+Inputs!$E$42*(1-F7*Inputs!$E$51))/(Inputs!$E$41*(1-Inputs!$E$44*Inputs!$E$51)+Inputs!$E$42*(1-Inputs!$E$48*Inputs!$E$51)) -> 0.98850197 | H7: =IF(Inputs!$E$53<=0,Inputs!$E$52,Inputs!$E$52*MIN($A7/Inputs!$E$53,1)) -> 0.0041666667 | I7: =IF(Inputs!$E$64<=0,Inputs!$E$63,Inputs!$E$62+(Inputs!$E$63-Inputs!$E$62)*MIN($A7/Inputs!$E$64,1)) -> 0.0025 | J7: =(E7-Inputs!$E$44)*Inputs!$E$45/Inputs!$E$60*Inputs!$E$61 -> 500 | K7: =IF(D7<C7,1,0) -> 0 | M7: =MAX(0,MIN(Inputs!$B$36,R6,N7+O7+P7+Inputs!$B$6-Q6)) -> 22000 | N7: =Inputs!$B$27*(1+Inputs!$B$28)^($A7/12)*IF(Inputs!$B$70=1,$G7,1)*(1-Inputs!$C$70*$H7*(1-Inputs!$E$54*Inputs!$B$70))*(1+$I7)*IF(Inputs!$B$29=0,1,(MAX(Q6,0)/Inputs!$B$6)^Inputs!$B$29) -> 15160.279 | O7: =Inputs!$B$32*Q6/Inputs!$B$6 -> 10698.672 | P7: =Inputs!$B$33 -> 2500 | Q7: =MAX(Q6+M7-N7-O7-P7,0) -> 667261.11 | R7: =R6-M7 -> 327250 | S7: =Inputs!$B$19*(1-Inputs!$C$70*$H7)+Inputs!$B$21+Inputs!$B$70*$J7 -> 595000 | T7: =Q7-S7 -> 72261.111 | U7: =IF(T7<0,1,0) -> 0 | V7: =MAX(0,MIN(Inputs!$C$36,AA6,W7+X7+Y7+Inputs!$C$6-Z6)) -> 21281.25 | W7: =Inputs!$C$27*(1+Inputs!$C$28)^($A7/12)*IF(Inputs!$B$70=1,$G7,1)*(1-Inputs!$C$70*$H7*(1-Inputs!$E$54*Inputs!$B$70))*(1+$I7)*IF(Inputs!$C$29=0,1,(MAX(Z6,0)/Inputs!$C$6)^Inputs!$C$29) -> 12531.25 | X7: =Inputs!$C$32*Z6/Inputs!$C$6 -> 6750 | Y7: =Inputs!$C$33 -> 2000 | Z7: =MAX(Z6+V7-W7-X7-Y7,0) -> 800000 | AA7: =AA6-V7 -> 551453.12 | AB7: =Inputs!$C$19*(1-Inputs!$C$70*$H7)+Inputs!$C$21+Inputs!$B$70*$J7 -> 495000 | AC7: =Z7-AB7 -> 305000 | AD7: =IF(AC7<0,1,0) -> 0 | AE7: =MAX(0,MIN(Inputs!$D$36,AJ6,AF7+AG7+AH7+Inputs!$D$6-AI6)) -> 15639.663 | AF7: =Inputs!$D$27*(1+Inputs!$D$28)^($A7/12)*IF(Inputs!$B$70=1,$G7,1)*(1-Inputs!$C$70*$H7*(1-Inputs!$E$54*Inputs!$B$70))*(1+$I7)*IF(Inputs!$D$29=0,1,(MAX(AI6,0)/Inputs!$D$6)^Inputs!$D$29) -> 9939.6627 | AG7: =Inputs!$D$32*AI6/Inputs!$D$6 -> 4200 | AH7: =Inputs!$D$33 -> 1500 | AI7: =MAX(AI6+AE7-AF7-AG7-AH7,0) -> 880000 | AJ7: =AJ6-AE7 -> 878690.54 | AK7: =Inputs!$D$19*(1-Inputs!$C$70*$H7)+Inputs!$D$21+Inputs!$B$70*$J7 -> 404800 | AL7: =AI7-AK7 -> 475200 | AM7: =IF(AL7<0,1,0) -> 0 | AN7: =MAX(0,MIN(Inputs!$B$36,AS6,AO7+AP7+AQ7+Inputs!$B$6-AR6)) -> 22000 | AO7: =Inputs!$B$27*(1+Inputs!$B$28)^($A7/12)*IF(Inputs!$B$71=1,$G7,1)*(1-Inputs!$C$71*$H7*(1-Inputs!$E$54*Inputs!$B$71))*(1+$I7)*IF(Inputs!$B$29=0,1,(MAX(AR6,0)/Inputs!$B$6)^Inputs!$B$29) -> 14985.966 | AP7: =Inputs!$B$32*AR6/Inputs!$B$6 -> 10700.048 | AQ7: =Inputs!$B$33 -> 2500 | AR7: =MAX(AR6+AN7-AO7-AP7-AQ7,0) -> 667520.74 | AS7: =AS6-AN7 -> 327250 | AT7: =Inputs!$B$19*(1-Inputs!$C$71*$H7)+Inputs!$B$21+Inputs!$B$71*$J7 -> 595500 | AU7: =AR7-AT7 -> 72020.743 | AV7: =IF(AU7<0,1,0) -> 0 | AW7: =MAX(0,MIN(Inputs!$C$36,BB6,AX7+AY7+AZ7+Inputs!$C$6-BA6)) -> 21137.165 | AX7: =Inputs!$C$27*(1+Inputs!$C$28)^($A7/12)*IF(Inputs!$B$71=1,$G7,1)*(1-Inputs!$C$71*$H7*(1-Inputs!$E$54*Inputs!$B$71))*(1+$I7)*IF(Inputs!$C$29=0,1,(MAX(BA6,0)/Inputs!$C$6)^Inputs!$C$29) -> 12387.165 | AY7: =Inputs!$C$32*BA6/Inputs!$C$6 -> 6750 | AZ7: =Inputs!$C$33 -> 2000 | BA7: =MAX(BA6+AW7-AX7-AY7-AZ7,0) -> 800000 | BB7: =BB6-AW7 -> 551669.16 | BC7: =Inputs!$C$19*(1-Inputs!$C$71*$H7)+Inputs!$C$21+Inputs!$B$71*$J7 -> 495500 | BD7: =BA7-BC7 -> 304500 | BE7: =IF(BD7<0,1,0) -> 0 | BF7: =MAX(0,MIN(Inputs!$D$36,BK6,BG7+BH7+BI7+Inputs!$D$6-BJ6)) -> 15525.376 | BG7: =Inputs!$D$27*(1+Inputs!$D$28)^($A7/12)*IF(Inputs!$B$71=1,$G7,1)*(1-Inputs!$C$71*$H7*(1-Inputs!$E$54*Inputs!$B$71))*(1+$I7)*IF(Inputs!$D$29=0,1,(MAX(BJ6,0)/Inputs!$D$6)^Inputs!$D$29) -> 9825.3762 | BH7: =Inputs!$D$32*BJ6/Inputs!$D$6 -> 4200 | BI7: =Inputs!$D$33 -> 1500 | BJ7: =MAX(BJ6+BF7-BG7-BH7-BI7,0) -> 880000 | BK7: =BK6-BF7 -> 878862.15 | BL7: =Inputs!$D$19*(1-Inputs!$C$71*$H7)+Inputs!$D$21+Inputs!$B$71*$J7 -> 405300 | BM7: =BJ7-BL7 -> 474700 | BN7: =IF(BM7<0,1,0) -> 0 | BO7: =MAX(0,MIN(Inputs!$B$36,BT6,BP7+BQ7+BR7+Inputs!$B$6-BS6)) -> 22000 | BP7: =Inputs!$B$27*(1+Inputs!$B$28)^($A7/12)*IF(Inputs!$B$72=1,$G7,1)*(1-Inputs!$C$72*$H7*(1-Inputs!$E$54*Inputs!$B$72))*(1+$I7)*IF(Inputs!$B$29=0,1,(MAX(BS6,0)/Inputs!$B$6)^Inputs!$B$29) -> 15097.111 | BQ7: =Inputs!$B$32*BS6/Inputs!$B$6 -> 10699.171 | BR7: =Inputs!$B$33 -> 2500 | BS7: =MAX(BS6+BO7-BP7-BQ7-BR7,0) -> 667355.2 | BT7: =BT6-BO7 -> 327250 | BU7: =Inputs!$B$19*(1-Inputs!$C$72*$H7)+Inputs!$B$21+Inputs!$B$72*$J7 -> 594270.83 | BV7: =BS7-BU7 -> 73084.363 | BW7: =IF(BV7<0,1,0) -> 0 | BX7: =MAX(0,MIN(Inputs!$C$36,CC6,BY7+BZ7+CA7+Inputs!$C$6-CB6)) -> 21229.036 | BY7: =Inputs!$C$27*(1+Inputs!$C$28)^($A7/12)*IF(Inputs!$B$72=1,$G7,1)*(1-Inputs!$C$72*$H7*(1-Inputs!$E$54*Inputs!$B$72))*(1+$I7)*IF(Inputs!$C$29=0,1,(MAX(CB6,0)/Inputs!$C$6)^Inputs!$C$29) -> 12479.036 | BZ7: =Inputs!$C$32*CB6/Inputs!$C$6 -> 6750 | CA7: =Inputs!$C$33 -> 2000 | CB7: =MAX(CB6+BX7-BY7-BZ7-CA7,0) -> 800000 | CC7: =CC6-BX7 -> 551531.41 | CD7: =Inputs!$C$19*(1-Inputs!$C$72*$H7)+Inputs!$C$21+Inputs!$B$72*$J7 -> 494375 | CE7: =CB7-CD7 -> 305625 | CF7: =IF(CE7<0,1,0) -> 0 | CG7: =MAX(0,MIN(Inputs!$D$36,CL6,CH7+CI7+CJ7+Inputs!$D$6-CK6)) -> 15598.247 | CH7: =Inputs!$D$27*(1+Inputs!$D$28)^($A7/12)*IF(Inputs!$B$72=1,$G7,1)*(1-Inputs!$C$72*$H7*(1-Inputs!$E$54*Inputs!$B$72))*(1+$I7)*IF(Inputs!$D$29=0,1,(MAX(CK6,0)/Inputs!$D$6)^Inputs!$D$29) -> 9898.2475 | CI7: =Inputs!$D$32*CK6/Inputs!$D$6 -> 4200 | CJ7: =Inputs!$D$33 -> 1500 | CK7: =MAX(CK6+CG7-CH7-CI7-CJ7,0) -> 880000 | CL7: =CL6-CG7 -> 878752.73 | CM7: =Inputs!$D$19*(1-Inputs!$C$72*$H7)+Inputs!$D$21+Inputs!$B$72*$J7 -> 404272.92 | CN7: =CK7-CM7 -> 475727.08 | CO7: =IF(CN7<0,1,0) -> 0 | CP7: =MAX(0,MIN(Inputs!$B$36,CU6,CQ7+CR7+CS7+Inputs!$B$6-CT6)) -> 22000 | CQ7: =Inputs!$B$27*(1+Inputs!$B$28)^($A7/12)*IF(Inputs!$B$73=1,$G7,1)*(1-Inputs!$C$73*$H7*(1-Inputs!$E$54*Inputs!$B$73))*(1+$I7)*IF(Inputs!$B$29=0,1,(MAX(CT6,0)/Inputs!$B$6)^Inputs!$B$29) -> 14954.745 | CR7: =Inputs!$B$32*CT6/Inputs!$B$6 -> 10700.297 | CS7: =Inputs!$B$33 -> 2500 | CT7: =MAX(CT6+CP7-CQ7-CR7-CS7,0) -> 667567.33 | CU7: =CU6-CP7 -> 327250 | CV7: =Inputs!$B$19*(1-Inputs!$C$73*$H7)+Inputs!$B$21+Inputs!$B$73*$J7 -> 594770.83 | CW7: =CT7-CV7 -> 72796.5 | CX7: =IF(CW7<0,1,0) -> 0 | CY7: =MAX(0,MIN(Inputs!$C$36,DD6,CZ7+DA7+DB7+Inputs!$C$6-DC6)) -> 21111.359 | CZ7: =Inputs!$C$27*(1+Inputs!$C$28)^($A7/12)*IF(Inputs!$B$73=1,$G7,1)*(1-Inputs!$C$73*$H7*(1-Inputs!$E$54*Inputs!$B$73))*(1+$I7)*IF(Inputs!$C$29=0,1,(MAX(DC6,0)/Inputs!$C$6)^Inputs!$C$29) -> 12361.359 | DA7: =Inputs!$C$32*DC6/Inputs!$C$6 -> 6750 | DB7: =Inputs!$C$33 -> 2000 | DC7: =MAX(DC6+CY7-CZ7-DA7-DB7,0) -> 800000 | DD7: =DD6-CY7 -> 551707.93 | DE7: =Inputs!$C$19*(1-Inputs!$C$73*$H7)+Inputs!$C$21+Inputs!$B$73*$J7 -> 494875 | DF7: =DC7-DE7 -> 305125 | DG7: =IF(DF7<0,1,0) -> 0 | DH7: =MAX(0,MIN(Inputs!$D$36,DM6,DI7+DJ7+DK7+Inputs!$D$6-DL6)) -> 15504.907 | DI7: =Inputs!$D$27*(1+Inputs!$D$28)^($A7/12)*IF(Inputs!$B$73=1,$G7,1)*(1-Inputs!$C$73*$H7*(1-Inputs!$E$54*Inputs!$B$73))*(1+$I7)*IF(Inputs!$D$29=0,1,(MAX(DL6,0)/Inputs!$D$6)^Inputs!$D$29) -> 9804.9067 | DJ7: =Inputs!$D$32*DL6/Inputs!$D$6 -> 4200 | DK7: =Inputs!$D$33 -> 1500 | DL7: =MAX(DL6+DH7-DI7-DJ7-DK7,0) -> 880000 | DM7: =DM6-DH7 -> 878892.94 | DN7: =Inputs!$D$19*(1-Inputs!$C$73*$H7)+Inputs!$D$21+Inputs!$B$73*$J7 -> 404772.92 | DO7: =DL7-DN7 -> 475227.08 | DP7: =IF(DO7<0,1,0) -> 0
A8: 3 | B8: =EDATE(Inputs!$B$67,$A8) -> 46357 | C8: =IF(Inputs!$E$47<=0,Inputs!$E$46,Inputs!$E$44+(Inputs!$E$46-Inputs!$E$44)*MIN($A8/Inputs!$E$47,1)) -> 0.2625 | D8: =MIN(Inputs!$E$57,Inputs!$E$55*(1+Inputs!$E$56)^($A8/12))*Inputs!$E$58*(1+Inputs!$E$59)^($A8/12)/Inputs!$E$45 -> 0.45685807 | E8: =MAX(Inputs!$E$44,MIN(C8,D8)) -> 0.2625 | F8: =IF(Inputs!$E$50<=0,Inputs!$E$49,Inputs!$E$48+(Inputs!$E$49-Inputs!$E$48)*MIN($A8/Inputs!$E$50,1)) -> 0.028333333 | G8: =(Inputs!$E$41*(1-E8*Inputs!$E$51)+Inputs!$E$42*(1-F8*Inputs!$E$51))/(Inputs!$E$41*(1-Inputs!$E$44*Inputs!$E$51)+Inputs!$E$42*(1-Inputs!$E$48*Inputs!$E$51)) -> 0.98275296 | H8: =IF(Inputs!$E$53<=0,Inputs!$E$52,Inputs!$E$52*MIN($A8/Inputs!$E$53,1)) -> 0.00625 | I8: =IF(Inputs!$E$64<=0,Inputs!$E$63,Inputs!$E$62+(Inputs!$E$63-Inputs!$E$62)*MIN($A8/Inputs!$E$64,1)) -> 0.00375 | J8: =(E8-Inputs!$E$44)*Inputs!$E$45/Inputs!$E$60*Inputs!$E$61 -> 750 | K8: =IF(D8<C8,1,0) -> 0 | M8: =MAX(0,MIN(Inputs!$B$36,R7,N8+O8+P8+Inputs!$B$6-Q7)) -> 22000 | N8: =Inputs!$B$27*(1+Inputs!$B$28)^($A8/12)*IF(Inputs!$B$70=1,$G8,1)*(1-Inputs!$C$70*$H8*(1-Inputs!$E$54*Inputs!$B$70))*(1+$I8)*IF(Inputs!$B$29=0,1,(MAX(Q7,0)/Inputs!$B$6)^Inputs!$B$29) -> 15241.024 | O8: =Inputs!$B$32*Q7/Inputs!$B$6 -> 10597.676 | P8: =Inputs!$B$33 -> 2500 | Q8: =MAX(Q7+M8-N8-O8-P8,0) -> 660922.41 | R8: =R7-M8 -> 305250 | S8: =Inputs!$B$19*(1-Inputs!$C$70*$H8)+Inputs!$B$21+Inputs!$B$70*$J8 -> 595000 | T8: =Q8-S8 -> 65922.411 | U8: =IF(T8<0,1,0) -> 0 | V8: =MAX(0,MIN(Inputs!$C$36,AA7,W8+X8+Y8+Inputs!$C$6-Z7)) -> 21296.875 | W8: =Inputs!$C$27*(1+Inputs!$C$28)^($A8/12)*IF(Inputs!$B$70=1,$G8,1)*(1-Inputs!$C$70*$H8*(1-Inputs!$E$54*Inputs!$B$70))*(1+$I8)*IF(Inputs!$C$29=0,1,(MAX(Z7,0)/Inputs!$C$6)^Inputs!$C$29) -> 12546.875 | X8: =Inputs!$C$32*Z7/Inputs!$C$6 -> 6750 | Y8: =Inputs!$C$33 -> 2000 | Z8: =MAX(Z7+V8-W8-X8-Y8,0) -> 800000 | AA8: =AA7-V8 -> 530156.25 | AB8: =Inputs!$C$19*(1-Inputs!$C$70*$H8)+Inputs!$C$21+Inputs!$B$70*$J8 -> 495000 | AC8: =Z8-AB8 -> 305000 | AD8: =IF(AC8<0,1,0) -> 0 | AE8: =MAX(0,MIN(Inputs!$D$36,AJ7,AF8+AG8+AH8+Inputs!$D$6-AI7)) -> 15609.608 | AF8: =Inputs!$D$27*(1+Inputs!$D$28)^($A8/12)*IF(Inputs!$B$70=1,$G8,1)*(1-Inputs!$C$70*$H8*(1-Inputs!$E$54*Inputs!$B$70))*(1+$I8)*IF(Inputs!$D$29=0,1,(MAX(AI7,0)/Inputs!$D$6)^Inputs!$D$29) -> 9909.6076 | AG8: =Inputs!$D$32*AI7/Inputs!$D$6 -> 4200 | AH8: =Inputs!$D$33 -> 1500 | AI8: =MAX(AI7+AE8-AF8-AG8-AH8,0) -> 880000 | AJ8: =AJ7-AE8 -> 863080.94 | AK8: =Inputs!$D$19*(1-Inputs!$C$70*$H8)+Inputs!$D$21+Inputs!$B$70*$J8 -> 404800 | AL8: =AI8-AK8 -> 475200 | AM8: =IF(AL8<0,1,0) -> 0 | AN8: =MAX(0,MIN(Inputs!$B$36,AS7,AO8+AP8+AQ8+Inputs!$B$6-AR7)) -> 22000 | AO8: =Inputs!$B$27*(1+Inputs!$B$28)^($A8/12)*IF(Inputs!$B$71=1,$G8,1)*(1-Inputs!$C$71*$H8*(1-Inputs!$E$54*Inputs!$B$71))*(1+$I8)*IF(Inputs!$B$29=0,1,(MAX(AR7,0)/Inputs!$B$6)^Inputs!$B$29) -> 14978.161 | AP8: =Inputs!$B$32*AR7/Inputs!$B$6 -> 10601.8 | AQ8: =Inputs!$B$33 -> 2500 | AR8: =MAX(AR7+AN8-AO8-AP8-AQ8,0) -> 661440.78 | AS8: =AS7-AN8 -> 305250 | AT8: =Inputs!$B$19*(1-Inputs!$C$71*$H8)+Inputs!$B$21+Inputs!$B$71*$J8 -> 595750 | AU8: =AR8-AT8 -> 65690.781 | AV8: =IF(AU8<0,1,0) -> 0 | AW8: =MAX(0,MIN(Inputs!$C$36,BB7,AX8+AY8+AZ8+Inputs!$C$6-BA7)) -> 21080.479 | AX8: =Inputs!$C$27*(1+Inputs!$C$28)^($A8/12)*IF(Inputs!$B$71=1,$G8,1)*(1-Inputs!$C$71*$H8*(1-Inputs!$E$54*Inputs!$B$71))*(1+$I8)*IF(Inputs!$C$29=0,1,(MAX(BA7,0)/Inputs!$C$6)^Inputs!$C$29) -> 12330.479 | AY8: =Inputs!$C$32*BA7/Inputs!$C$6 -> 6750 | AZ8: =Inputs!$C$33 -> 2000 | BA8: =MAX(BA7+AW8-AX8-AY8-AZ8,0) -> 800000 | BB8: =BB7-AW8 -> 530588.68 | BC8: =Inputs!$C$19*(1-Inputs!$C$71*$H8)+Inputs!$C$21+Inputs!$B$71*$J8 -> 495750 | BD8: =BA8-BC8 -> 304250 | BE8: =IF(BD8<0,1,0) -> 0 | BF8: =MAX(0,MIN(Inputs!$D$36,BK7,BG8+BH8+BI8+Inputs!$D$6-BJ7)) -> 15438.696 | BG8: =Inputs!$D$27*(1+Inputs!$D$28)^($A8/12)*IF(Inputs!$B$71=1,$G8,1)*(1-Inputs!$C$71*$H8*(1-Inputs!$E$54*Inputs!$B$71))*(1+$I8)*IF(Inputs!$D$29=0,1,(MAX(BJ7,0)/Inputs!$D$6)^Inputs!$D$29) -> 9738.6962 | BH8: =Inputs!$D$32*BJ7/Inputs!$D$6 -> 4200 | BI8: =Inputs!$D$33 -> 1500 | BJ8: =MAX(BJ7+BF8-BG8-BH8-BI8,0) -> 880000 | BK8: =BK7-BF8 -> 863423.45 | BL8: =Inputs!$D$19*(1-Inputs!$C$71*$H8)+Inputs!$D$21+Inputs!$B$71*$J8 -> 405550 | BM8: =BJ8-BL8 -> 474450 | BN8: =IF(BM8<0,1,0) -> 0 | BO8: =MAX(0,MIN(Inputs!$B$36,BT7,BP8+BQ8+BR8+Inputs!$B$6-BS7)) -> 22000 | BP8: =Inputs!$B$27*(1+Inputs!$B$28)^($A8/12)*IF(Inputs!$B$72=1,$G8,1)*(1-Inputs!$C$72*$H8*(1-Inputs!$E$54*Inputs!$B$72))*(1+$I8)*IF(Inputs!$B$29=0,1,(MAX(BS7,0)/Inputs!$B$6)^Inputs!$B$29) -> 15145.767 | BQ8: =Inputs!$B$32*BS7/Inputs!$B$6 -> 10599.171 | BR8: =Inputs!$B$33 -> 2500 | BS8: =MAX(BS7+BO8-BP8-BQ8-BR8,0) -> 661110.26 | BT8: =BT7-BO8 -> 305250 | BU8: =Inputs!$B$19*(1-Inputs!$C$72*$H8)+Inputs!$B$21+Inputs!$B$72*$J8 -> 593906.25 | BV8: =BS8-BU8 -> 67204.009 | BW8: =IF(BV8<0,1,0) -> 0 | BX8: =MAX(0,MIN(Inputs!$C$36,CC7,BY8+BZ8+CA8+Inputs!$C$6-CB7)) -> 21218.457 | BY8: =Inputs!$C$27*(1+Inputs!$C$28)^($A8/12)*IF(Inputs!$B$72=1,$G8,1)*(1-Inputs!$C$72*$H8*(1-Inputs!$E$54*Inputs!$B$72))*(1+$I8)*IF(Inputs!$C$29=0,1,(MAX(CB7,0)/Inputs!$C$6)^Inputs!$C$29) -> 12468.457 | BZ8: =Inputs!$C$32*CB7/Inputs!$C$6 -> 6750 | CA8: =Inputs!$C$33 -> 2000 | CB8: =MAX(CB7+BX8-BY8-BZ8-CA8,0) -> 800000 | CC8: =CC7-BX8 -> 530312.96 | CD8: =Inputs!$C$19*(1-Inputs!$C$72*$H8)+Inputs!$C$21+Inputs!$B$72*$J8 -> 494062.5 | CE8: =CB8-CD8 -> 305937.5 | CF8: =IF(CE8<0,1,0) -> 0 | CG8: =MAX(0,MIN(Inputs!$D$36,CL7,CH8+CI8+CJ8+Inputs!$D$6-CK7)) -> 15547.673 | CH8: =Inputs!$D$27*(1+Inputs!$D$28)^($A8/12)*IF(Inputs!$B$72=1,$G8,1)*(1-Inputs!$C$72*$H8*(1-Inputs!$E$54*Inputs!$B$72))*(1+$I8)*IF(Inputs!$D$29=0,1,(MAX(CK7,0)/Inputs!$D$6)^Inputs!$D$29) -> 9847.6726 | CI8: =Inputs!$D$32*CK7/Inputs!$D$6 -> 4200 | CJ8: =Inputs!$D$33 -> 1500 | CK8: =MAX(CK7+CG8-CH8-CI8-CJ8,0) -> 880000 | CL8: =CL7-CG8 -> 863205.06 | CM8: =Inputs!$D$19*(1-Inputs!$C$72*$H8)+Inputs!$D$21+Inputs!$B$72*$J8 -> 404009.38 | CN8: =CK8-CM8 -> 475990.62 | CO8: =IF(CN8<0,1,0) -> 0 | CP8: =MAX(0,MIN(Inputs!$B$36,CU7,CQ8+CR8+CS8+Inputs!$B$6-CT7)) -> 22000 | CQ8: =Inputs!$B$27*(1+Inputs!$B$28)^($A8/12)*IF(Inputs!$B$73=1,$G8,1)*(1-Inputs!$C$73*$H8*(1-Inputs!$E$54*Inputs!$B$73))*(1+$I8)*IF(Inputs!$B$29=0,1,(MAX(CT7,0)/Inputs!$B$6)^Inputs!$B$29) -> 14931.354 | CR8: =Inputs!$B$32*CT7/Inputs!$B$6 -> 10602.54 | CS8: =Inputs!$B$33 -> 2500 | CT8: =MAX(CT7+CP8-CQ8-CR8-CS8,0) -> 661533.44 | CU8: =CU7-CP8 -> 305250 | CV8: =Inputs!$B$19*(1-Inputs!$C$73*$H8)+Inputs!$B$21+Inputs!$B$73*$J8 -> 594656.25 | CW8: =CT8-CV8 -> 66877.189 | CX8: =IF(CW8<0,1,0) -> 0 | CY8: =MAX(0,MIN(Inputs!$C$36,DD7,CZ8+DA8+DB8+Inputs!$C$6-DC7)) -> 21041.946 | CZ8: =Inputs!$C$27*(1+Inputs!$C$28)^($A8/12)*IF(Inputs!$B$73=1,$G8,1)*(1-Inputs!$C$73*$H8*(1-Inputs!$E$54*Inputs!$B$73))*(1+$I8)*IF(Inputs!$C$29=0,1,(MAX(DC7,0)/Inputs!$C$6)^Inputs!$C$29) -> 12291.946 | DA8: =Inputs!$C$32*DC7/Inputs!$C$6 -> 6750 | DB8: =Inputs!$C$33 -> 2000 | DC8: =MAX(DC7+CY8-CZ8-DA8-DB8,0) -> 800000 | DD8: =DD7-CY8 -> 530665.99 | DE8: =Inputs!$C$19*(1-Inputs!$C$73*$H8)+Inputs!$C$21+Inputs!$B$73*$J8 -> 494812.5 | DF8: =DC8-DE8 -> 305187.5 | DG8: =IF(DF8<0,1,0) -> 0 | DH8: =MAX(0,MIN(Inputs!$D$36,DM7,DI8+DJ8+DK8+Inputs!$D$6-DL7)) -> 15408.263 | DI8: =Inputs!$D$27*(1+Inputs!$D$28)^($A8/12)*IF(Inputs!$B$73=1,$G8,1)*(1-Inputs!$C$73*$H8*(1-Inputs!$E$54*Inputs!$B$73))*(1+$I8)*IF(Inputs!$D$29=0,1,(MAX(DL7,0)/Inputs!$D$6)^Inputs!$D$29) -> 9708.2628 | DJ8: =Inputs!$D$32*DL7/Inputs!$D$6 -> 4200 | DK8: =Inputs!$D$33 -> 1500 | DL8: =MAX(DL7+DH8-DI8-DJ8-DK8,0) -> 880000 | DM8: =DM7-DH8 -> 863484.68 | DN8: =Inputs!$D$19*(1-Inputs!$C$73*$H8)+Inputs!$D$21+Inputs!$B$73*$J8 -> 404759.38 | DO8: =DL8-DN8 -> 475240.62 | DP8: =IF(DO8<0,1,0) -> 0
A9: 4 | B9: =EDATE(Inputs!$B$67,$A9) -> 46388 | C9: =IF(Inputs!$E$47<=0,Inputs!$E$46,Inputs!$E$44+(Inputs!$E$46-Inputs!$E$44)*MIN($A9/Inputs!$E$47,1)) -> 0.28333333 | D9: =MIN(Inputs!$E$57,Inputs!$E$55*(1+Inputs!$E$56)^($A9/12))*Inputs!$E$58*(1+Inputs!$E$59)^($A9/12)/Inputs!$E$45 -> 0.46984936 | E9: =MAX(Inputs!$E$44,MIN(C9,D9)) -> 0.28333333 | F9: =IF(Inputs!$E$50<=0,Inputs!$E$49,Inputs!$E$48+(Inputs!$E$49-Inputs!$E$48)*MIN($A9/Inputs!$E$50,1)) -> 0.031111111 | G9: =(Inputs!$E$41*(1-E9*Inputs!$E$51)+Inputs!$E$42*(1-F9*Inputs!$E$51))/(Inputs!$E$41*(1-Inputs!$E$44*Inputs!$E$51)+Inputs!$E$42*(1-Inputs!$E$48*Inputs!$E$51)) -> 0.97700394 | H9: =IF(Inputs!$E$53<=0,Inputs!$E$52,Inputs!$E$52*MIN($A9/Inputs!$E$53,1)) -> 0.0083333333 | I9: =IF(Inputs!$E$64<=0,Inputs!$E$63,Inputs!$E$62+(Inputs!$E$63-Inputs!$E$62)*MIN($A9/Inputs!$E$64,1)) -> 0.005 | J9: =(E9-Inputs!$E$44)*Inputs!$E$45/Inputs!$E$60*Inputs!$E$61 -> 1000 | K9: =IF(D9<C9,1,0) -> 0 | M9: =MAX(0,MIN(Inputs!$B$36,R8,N9+O9+P9+Inputs!$B$6-Q8)) -> 22000 | N9: =Inputs!$B$27*(1+Inputs!$B$28)^($A9/12)*IF(Inputs!$B$70=1,$G9,1)*(1-Inputs!$C$70*$H9*(1-Inputs!$E$54*Inputs!$B$70))*(1+$I9)*IF(Inputs!$B$29=0,1,(MAX(Q8,0)/Inputs!$B$6)^Inputs!$B$29) -> 15322.175 | O9: =Inputs!$B$32*Q8/Inputs!$B$6 -> 10497.003 | P9: =Inputs!$B$33 -> 2500 | Q9: =MAX(Q8+M9-N9-O9-P9,0) -> 654603.23 | R9: =R8-M9 -> 283250 | S9: =Inputs!$B$19*(1-Inputs!$C$70*$H9)+Inputs!$B$21+Inputs!$B$70*$J9 -> 595000 | T9: =Q9-S9 -> 59603.233 | U9: =IF(T9<0,1,0) -> 0 | V9: =MAX(0,MIN(Inputs!$C$36,AA8,W9+X9+Y9+Inputs!$C$6-Z8)) -> 21312.5 | W9: =Inputs!$C$27*(1+Inputs!$C$28)^($A9/12)*IF(Inputs!$B$70=1,$G9,1)*(1-Inputs!$C$70*$H9*(1-Inputs!$E$54*Inputs!$B$70))*(1+$I9)*IF(Inputs!$C$29=0,1,(MAX(Z8,0)/Inputs!$C$6)^Inputs!$C$29) -> 12562.5 | X9: =Inputs!$C$32*Z8/Inputs!$C$6 -> 6750 | Y9: =Inputs!$C$33 -> 2000 | Z9: =MAX(Z8+V9-W9-X9-Y9,0) -> 800000 | AA9: =AA8-V9 -> 508843.75 | AB9: =Inputs!$C$19*(1-Inputs!$C$70*$H9)+Inputs!$C$21+Inputs!$B$70*$J9 -> 495000 | AC9: =Z9-AB9 -> 305000 | AD9: =IF(AC9<0,1,0) -> 0 | AE9: =MAX(0,MIN(Inputs!$D$36,AJ8,AF9+AG9+AH9+Inputs!$D$6-AI8)) -> 15579.628 | AF9: =Inputs!$D$27*(1+Inputs!$D$28)^($A9/12)*IF(Inputs!$B$70=1,$G9,1)*(1-Inputs!$C$70*$H9*(1-Inputs!$E$54*Inputs!$B$70))*(1+$I9)*IF(Inputs!$D$29=0,1,(MAX(AI8,0)/Inputs!$D$6)^Inputs!$D$29) -> 9879.6281 | AG9: =Inputs!$D$32*AI8/Inputs!$D$6 -> 4200 | AH9: =Inputs!$D$33 -> 1500 | AI9: =MAX(AI8+AE9-AF9-AG9-AH9,0) -> 880000 | AJ9: =AJ8-AE9 -> 847501.31 | AK9: =Inputs!$D$19*(1-Inputs!$C$70*$H9)+Inputs!$D$21+Inputs!$B$70*$J9 -> 404800 | AL9: =AI9-AK9 -> 475200 | AM9: =IF(AL9<0,1,0) -> 0 | AN9: =MAX(0,MIN(Inputs!$B$36,AS8,AO9+AP9+AQ9+Inputs!$B$6-AR8)) -> 22000 | AO9: =Inputs!$B$27*(1+Inputs!$B$28)^($A9/12)*IF(Inputs!$B$71=1,$G9,1)*(1-Inputs!$C$71*$H9*(1-Inputs!$E$54*Inputs!$B$71))*(1+$I9)*IF(Inputs!$B$29=0,1,(MAX(AR8,0)/Inputs!$B$6)^Inputs!$B$29) -> 14969.825 | AP9: =Inputs!$B$32*AR8/Inputs!$B$6 -> 10505.236 | AQ9: =Inputs!$B$33 -> 2500 | AR9: =MAX(AR8+AN9-AO9-AP9-AQ9,0) -> 655465.72 | AS9: =AS8-AN9 -> 283250 | AT9: =Inputs!$B$19*(1-Inputs!$C$71*$H9)+Inputs!$B$21+Inputs!$B$71*$J9 -> 596000 | AU9: =AR9-AT9 -> 59465.72 | AV9: =IF(AU9<0,1,0) -> 0 | AW9: =MAX(0,MIN(Inputs!$C$36,BB8,AX9+AY9+AZ9+Inputs!$C$6-BA8)) -> 21023.612 | AX9: =Inputs!$C$27*(1+Inputs!$C$28)^($A9/12)*IF(Inputs!$B$71=1,$G9,1)*(1-Inputs!$C$71*$H9*(1-Inputs!$E$54*Inputs!$B$71))*(1+$I9)*IF(Inputs!$C$29=0,1,(MAX(BA8,0)/Inputs!$C$6)^Inputs!$C$29) -> 12273.612 | AY9: =Inputs!$C$32*BA8/Inputs!$C$6 -> 6750 | AZ9: =Inputs!$C$33 -> 2000 | BA9: =MAX(BA8+AW9-AX9-AY9-AZ9,0) -> 800000 | BB9: =BB8-AW9 -> 509565.07 | BC9: =Inputs!$C$19*(1-Inputs!$C$71*$H9)+Inputs!$C$21+Inputs!$B$71*$J9 -> 496000 | BD9: =BA9-BC9 -> 304000 | BE9: =IF(BD9<0,1,0) -> 0 | BF9: =MAX(0,MIN(Inputs!$D$36,BK8,BG9+BH9+BI9+Inputs!$D$6-BJ8)) -> 15352.436 | BG9: =Inputs!$D$27*(1+Inputs!$D$28)^($A9/12)*IF(Inputs!$B$71=1,$G9,1)*(1-Inputs!$C$71*$H9*(1-Inputs!$E$54*Inputs!$B$71))*(1+$I9)*IF(Inputs!$D$29=0,1,(MAX(BJ8,0)/Inputs!$D$6)^Inputs!$D$29) -> 9652.4356 | BH9: =Inputs!$D$32*BJ8/Inputs!$D$6 -> 4200 | BI9: =Inputs!$D$33 -> 1500 | BJ9: =MAX(BJ8+BF9-BG9-BH9-BI9,0) -> 880000 | BK9: =BK8-BF9 -> 848071.01 | BL9: =Inputs!$D$19*(1-Inputs!$C$71*$H9)+Inputs!$D$21+Inputs!$B$71*$J9 -> 405800 | BM9: =BJ9-BL9 -> 474200 | BN9: =IF(BM9<0,1,0) -> 0 | BO9: =MAX(0,MIN(Inputs!$B$36,BT8,BP9+BQ9+BR9+Inputs!$B$6-BS8)) -> 22000 | BP9: =Inputs!$B$27*(1+Inputs!$B$28)^($A9/12)*IF(Inputs!$B$72=1,$G9,1)*(1-Inputs!$C$72*$H9*(1-Inputs!$E$54*Inputs!$B$72))*(1+$I9)*IF(Inputs!$B$29=0,1,(MAX(BS8,0)/Inputs!$B$6)^Inputs!$B$29) -> 15194.49 | BQ9: =Inputs!$B$32*BS8/Inputs!$B$6 -> 10499.986 | BR9: =Inputs!$B$33 -> 2500 | BS9: =MAX(BS8+BO9-BP9-BQ9-BR9,0) -> 654915.78 | BT9: =BT8-BO9 -> 283250 | BU9: =Inputs!$B$19*(1-Inputs!$C$72*$H9)+Inputs!$B$21+Inputs!$B$72*$J9 -> 593541.67 | BV9: =BS9-BU9 -> 61374.115 | BW9: =IF(BV9<0,1,0) -> 0 | BX9: =MAX(0,MIN(Inputs!$C$36,CC8,BY9+BZ9+CA9+Inputs!$C$6-CB8)) -> 21207.812 | BY9: =Inputs!$C$27*(1+Inputs!$C$28)^($A9/12)*IF(Inputs!$B$72=1,$G9,1)*(1-Inputs!$C$72*$H9*(1-Inputs!$E$54*Inputs!$B$72))*(1+$I9)*IF(Inputs!$C$29=0,1,(MAX(CB8,0)/Inputs!$C$6)^Inputs!$C$29) -> 12457.812 | BZ9: =Inputs!$C$32*CB8/Inputs!$C$6 -> 6750 | CA9: =Inputs!$C$33 -> 2000 | CB9: =MAX(CB8+BX9-BY9-BZ9-CA9,0) -> 800000 | CC9: =CC8-BX9 -> 509105.14 | CD9: =Inputs!$C$19*(1-Inputs!$C$72*$H9)+Inputs!$C$21+Inputs!$B$72*$J9 -> 493750 | CE9: =CB9-CD9 -> 306250 | CF9: =IF(CE9<0,1,0) -> 0 | CG9: =MAX(0,MIN(Inputs!$D$36,CL8,CH9+CI9+CJ9+Inputs!$D$6-CK8)) -> 15497.298 | CH9: =Inputs!$D$27*(1+Inputs!$D$28)^($A9/12)*IF(Inputs!$B$72=1,$G9,1)*(1-Inputs!$C$72*$H9*(1-Inputs!$E$54*Inputs!$B$72))*(1+$I9)*IF(Inputs!$D$29=0,1,(MAX(CK8,0)/Inputs!$D$6)^Inputs!$D$29) -> 9797.2979 | CI9: =Inputs!$D$32*CK8/Inputs!$D$6 -> 4200 | CJ9: =Inputs!$D$33 -> 1500 | CK9: =MAX(CK8+CG9-CH9-CI9-CJ9,0) -> 880000 | CL9: =CL8-CG9 -> 847707.76 | CM9: =Inputs!$D$19*(1-Inputs!$C$72*$H9)+Inputs!$D$21+Inputs!$B$72*$J9 -> 403745.83 | CN9: =CK9-CM9 -> 476254.17 | CO9: =IF(CN9<0,1,0) -> 0 | CP9: =MAX(0,MIN(Inputs!$B$36,CU8,CQ9+CR9+CS9+Inputs!$B$6-CT8)) -> 22000 | CQ9: =Inputs!$B$27*(1+Inputs!$B$28)^($A9/12)*IF(Inputs!$B$73=1,$G9,1)*(1-Inputs!$C$73*$H9*(1-Inputs!$E$54*Inputs!$B$73))*(1+$I9)*IF(Inputs!$B$29=0,1,(MAX(CT8,0)/Inputs!$B$6)^Inputs!$B$29) -> 14907.451 | CR9: =Inputs!$B$32*CT8/Inputs!$B$6 -> 10506.708 | CS9: =Inputs!$B$33 -> 2500 | CT9: =MAX(CT8+CP9-CQ9-CR9-CS9,0) -> 655619.28 | CU9: =CU8-CP9 -> 283250 | CV9: =Inputs!$B$19*(1-Inputs!$C$73*$H9)+Inputs!$B$21+Inputs!$B$73*$J9 -> 594541.67 | CW9: =CT9-CV9 -> 61077.613 | CX9: =IF(CW9<0,1,0) -> 0 | CY9: =MAX(0,MIN(Inputs!$C$36,DD8,CZ9+DA9+DB9+Inputs!$C$6-DC8)) -> 20972.472 | CZ9: =Inputs!$C$27*(1+Inputs!$C$28)^($A9/12)*IF(Inputs!$B$73=1,$G9,1)*(1-Inputs!$C$73*$H9*(1-Inputs!$E$54*Inputs!$B$73))*(1+$I9)*IF(Inputs!$C$29=0,1,(MAX(DC8,0)/Inputs!$C$6)^Inputs!$C$29) -> 12222.472 | DA9: =Inputs!$C$32*DC8/Inputs!$C$6 -> 6750 | DB9: =Inputs!$C$33 -> 2000 | DC9: =MAX(DC8+CY9-CZ9-DA9-DB9,0) -> 800000 | DD9: =DD8-CY9 -> 509693.51 | DE9: =Inputs!$C$19*(1-Inputs!$C$73*$H9)+Inputs!$C$21+Inputs!$B$73*$J9 -> 494750 | DF9: =DC9-DE9 -> 305250 | DG9: =IF(DF9<0,1,0) -> 0 | DH9: =MAX(0,MIN(Inputs!$D$36,DM8,DI9+DJ9+DK9+Inputs!$D$6-DL8)) -> 15312.217 | DI9: =Inputs!$D$27*(1+Inputs!$D$28)^($A9/12)*IF(Inputs!$B$73=1,$G9,1)*(1-Inputs!$C$73*$H9*(1-Inputs!$E$54*Inputs!$B$73))*(1+$I9)*IF(Inputs!$D$29=0,1,(MAX(DL8,0)/Inputs!$D$6)^Inputs!$D$29) -> 9612.2171 | DJ9: =Inputs!$D$32*DL8/Inputs!$D$6 -> 4200 | DK9: =Inputs!$D$33 -> 1500 | DL9: =MAX(DL8+DH9-DI9-DJ9-DK9,0) -> 880000 | DM9: =DM8-DH9 -> 848172.46 | DN9: =Inputs!$D$19*(1-Inputs!$C$73*$H9)+Inputs!$D$21+Inputs!$B$73*$J9 -> 404745.83 | DO9: =DL9-DN9 -> 475254.17 | DP9: =IF(DO9<0,1,0) -> 0
A10: 5 | B10: =EDATE(Inputs!$B$67,$A10) -> 46419 | C10: =IF(Inputs!$E$47<=0,Inputs!$E$46,Inputs!$E$44+(Inputs!$E$46-Inputs!$E$44)*MIN($A10/Inputs!$E$47,1)) -> 0.30416667 | D10: =MIN(Inputs!$E$57,Inputs!$E$55*(1+Inputs!$E$56)^($A10/12))*Inputs!$E$58*(1+Inputs!$E$59)^($A10/12)/Inputs!$E$45 -> 0.48321007 | E10: =MAX(Inputs!$E$44,MIN(C10,D10)) -> 0.30416667 | F10: =IF(Inputs!$E$50<=0,Inputs!$E$49,Inputs!$E$48+(Inputs!$E$49-Inputs!$E$48)*MIN($A10/Inputs!$E$50,1)) -> 0.033888889 | G10: =(Inputs!$E$41*(1-E10*Inputs!$E$51)+Inputs!$E$42*(1-F10*Inputs!$E$51))/(Inputs!$E$41*(1-Inputs!$E$44*Inputs!$E$51)+Inputs!$E$42*(1-Inputs!$E$48*Inputs!$E$51)) -> 0.97125493 | H10: =IF(Inputs!$E$53<=0,Inputs!$E$52,Inputs!$E$52*MIN($A10/Inputs!$E$53,1)) -> 0.010416667 | I10: =IF(Inputs!$E$64<=0,Inputs!$E$63,Inputs!$E$62+(Inputs!$E$63-Inputs!$E$62)*MIN($A10/Inputs!$E$64,1)) -> 0.00625 | J10: =(E10-Inputs!$E$44)*Inputs!$E$45/Inputs!$E$60*Inputs!$E$61 -> 1250 | K10: =IF(D10<C10,1,0) -> 0 | M10: =MAX(0,MIN(Inputs!$B$36,R9,N10+O10+P10+Inputs!$B$6-Q9)) -> 22000 | N10: =Inputs!$B$27*(1+Inputs!$B$28)^($A10/12)*IF(Inputs!$B$70=1,$G10,1)*(1-Inputs!$C$70*$H10*(1-Inputs!$E$54*Inputs!$B$70))*(1+$I10)*IF(Inputs!$B$29=0,1,(MAX(Q9,0)/Inputs!$B$6)^Inputs!$B$29) -> 15403.735 | O10: =Inputs!$B$32*Q9/Inputs!$B$6 -> 10396.64 | P10: =Inputs!$B$33 -> 2500 | Q10: =MAX(Q9+M10-N10-O10-P10,0) -> 648302.86 | R10: =R9-M10 -> 261250 | S10: =Inputs!$B$19*(1-Inputs!$C$70*$H10)+Inputs!$B$21+Inputs!$B$70*$J10 -> 595000 | T10: =Q10-S10 -> 53302.859 | U10: =IF(T10<0,1,0) -> 0 | V10: =MAX(0,MIN(Inputs!$C$36,AA9,W10+X10+Y10+Inputs!$C$6-Z9)) -> 21328.125 | W10: =Inputs!$C$27*(1+Inputs!$C$28)^($A10/12)*IF(Inputs!$B$70=1,$G10,1)*(1-Inputs!$C$70*$H10*(1-Inputs!$E$54*Inputs!$B$70))*(1+$I10)*IF(Inputs!$C$29=0,1,(MAX(Z9,0)/Inputs!$C$6)^Inputs!$C$29) -> 12578.125 | X10: =Inputs!$C$32*Z9/Inputs!$C$6 -> 6750 | Y10: =Inputs!$C$33 -> 2000 | Z10: =MAX(Z9+V10-W10-X10-Y10,0) -> 800000 | AA10: =AA9-V10 -> 487515.62 | AB10: =Inputs!$C$19*(1-Inputs!$C$70*$H10)+Inputs!$C$21+Inputs!$B$70*$J10 -> 495000 | AC10: =Z10-AB10 -> 305000 | AD10: =IF(AC10<0,1,0) -> 0 | AE10: =MAX(0,MIN(Inputs!$D$36,AJ9,AF10+AG10+AH10+Inputs!$D$6-AI9)) -> 15549.724 | AF10: =Inputs!$D$27*(1+Inputs!$D$28)^($A10/12)*IF(Inputs!$B$70=1,$G10,1)*(1-Inputs!$C$70*$H10*(1-Inputs!$E$54*Inputs!$B$70))*(1+$I10)*IF(Inputs!$D$29=0,1,(MAX(AI9,0)/Inputs!$D$6)^Inputs!$D$29) -> 9849.724 | AG10: =Inputs!$D$32*AI9/Inputs!$D$6 -> 4200 | AH10: =Inputs!$D$33 -> 1500 | AI10: =MAX(AI9+AE10-AF10-AG10-AH10,0) -> 880000 | AJ10: =AJ9-AE10 -> 831951.58 | AK10: =Inputs!$D$19*(1-Inputs!$C$70*$H10)+Inputs!$D$21+Inputs!$B$70*$J10 -> 404800 | AL10: =AI10-AK10 -> 475200 | AM10: =IF(AL10<0,1,0) -> 0 | AN10: =MAX(0,MIN(Inputs!$B$36,AS9,AO10+AP10+AQ10+Inputs!$B$6-AR9)) -> 22000 | AO10: =Inputs!$B$27*(1+Inputs!$B$28)^($A10/12)*IF(Inputs!$B$71=1,$G10,1)*(1-Inputs!$C$71*$H10*(1-Inputs!$E$54*Inputs!$B$71))*(1+$I10)*IF(Inputs!$B$29=0,1,(MAX(AR9,0)/Inputs!$B$6)^Inputs!$B$29) -> 14960.953 | AP10: =Inputs!$B$32*AR9/Inputs!$B$6 -> 10410.338 | AQ10: =Inputs!$B$33 -> 2500 | AR10: =MAX(AR9+AN10-AO10-AP10-AQ10,0) -> 649594.43 | AS10: =AS9-AN10 -> 261250 | AT10: =Inputs!$B$19*(1-Inputs!$C$71*$H10)+Inputs!$B$21+Inputs!$B$71*$J10 -> 596250 | AU10: =AR10-AT10 -> 53344.429 | AV10: =IF(AU10<0,1,0) -> 0 | AW10: =MAX(0,MIN(Inputs!$C$36,BB9,AX10+AY10+AZ10+Inputs!$C$6-BA9)) -> 20966.566 | AX10: =Inputs!$C$27*(1+Inputs!$C$28)^($A10/12)*IF(Inputs!$B$71=1,$G10,1)*(1-Inputs!$C$71*$H10*(1-Inputs!$E$54*Inputs!$B$71))*(1+$I10)*IF(Inputs!$C$29=0,1,(MAX(BA9,0)/Inputs!$C$6)^Inputs!$C$29) -> 12216.566 | AY10: =Inputs!$C$32*BA9/Inputs!$C$6 -> 6750 | AZ10: =Inputs!$C$33 -> 2000 | BA10: =MAX(BA9+AW10-AX10-AY10-AZ10,0) -> 800000 | BB10: =BB9-AW10 -> 488598.51 | BC10: =Inputs!$C$19*(1-Inputs!$C$71*$H10)+Inputs!$C$21+Inputs!$B$71*$J10 -> 496250 | BD10: =BA10-BC10 -> 303750 | BE10: =IF(BD10<0,1,0) -> 0 | BF10: =MAX(0,MIN(Inputs!$D$36,BK9,BG10+BH10+BI10+Inputs!$D$6-BJ9)) -> 15266.593 | BG10: =Inputs!$D$27*(1+Inputs!$D$28)^($A10/12)*IF(Inputs!$B$71=1,$G10,1)*(1-Inputs!$C$71*$H10*(1-Inputs!$E$54*Inputs!$B$71))*(1+$I10)*IF(Inputs!$D$29=0,1,(MAX(BJ9,0)/Inputs!$D$6)^Inputs!$D$29) -> 9566.593 | BH10: =Inputs!$D$32*BJ9/Inputs!$D$6 -> 4200 | BI10: =Inputs!$D$33 -> 1500 | BJ10: =MAX(BJ9+BF10-BG10-BH10-BI10,0) -> 880000 | BK10: =BK9-BF10 -> 832804.42 | BL10: =Inputs!$D$19*(1-Inputs!$C$71*$H10)+Inputs!$D$21+Inputs!$B$71*$J10 -> 406050 | BM10: =BJ10-BL10 -> 473950 | BN10: =IF(BM10<0,1,0) -> 0 | BO10: =MAX(0,MIN(Inputs!$B$36,BT9,BP10+BQ10+BR10+Inputs!$B$6-BS9)) -> 22000 | BP10: =Inputs!$B$27*(1+Inputs!$B$28)^($A10/12)*IF(Inputs!$B$72=1,$G10,1)*(1-Inputs!$C$72*$H10*(1-Inputs!$E$54*Inputs!$B$72))*(1+$I10)*IF(Inputs!$B$29=0,1,(MAX(BS9,0)/Inputs!$B$6)^Inputs!$B$29) -> 15243.279 | BQ10: =Inputs!$B$32*BS9/Inputs!$B$6 -> 10401.604 | BR10: =Inputs!$B$33 -> 2500 | BS10: =MAX(BS9+BO10-BP10-BQ10-BR10,0) -> 648770.9 | BT10: =BT9-BO10 -> 261250 | BU10: =Inputs!$B$19*(1-Inputs!$C$72*$H10)+Inputs!$B$21+Inputs!$B$72*$J10 -> 593177.08 | BV10: =BS10-BU10 -> 55593.816 | BW10: =IF(BV10<0,1,0) -> 0 | BX10: =MAX(0,MIN(Inputs!$C$36,CC9,BY10+BZ10+CA10+Inputs!$C$6-CB9)) -> 21197.103 | BY10: =Inputs!$C$27*(1+Inputs!$C$28)^($A10/12)*IF(Inputs!$B$72=1,$G10,1)*(1-Inputs!$C$72*$H10*(1-Inputs!$E$54*Inputs!$B$72))*(1+$I10)*IF(Inputs!$C$29=0,1,(MAX(CB9,0)/Inputs!$C$6)^Inputs!$C$29) -> 12447.103 | BZ10: =Inputs!$C$32*CB9/Inputs!$C$6 -> 6750 | CA10: =Inputs!$C$33 -> 2000 | CB10: =MAX(CB9+BX10-BY10-BZ10-CA10,0) -> 800000 | CC10: =CC9-BX10 -> 487908.04 | CD10: =Inputs!$C$19*(1-Inputs!$C$72*$H10)+Inputs!$C$21+Inputs!$B$72*$J10 -> 493437.5 | CE10: =CB10-CD10 -> 306562.5 | CF10: =IF(CE10<0,1,0) -> 0 | CG10: =MAX(0,MIN(Inputs!$D$36,CL9,CH10+CI10+CJ10+Inputs!$D$6-CK9)) -> 15447.123 | CH10: =Inputs!$D$27*(1+Inputs!$D$28)^($A10/12)*IF(Inputs!$B$72=1,$G10,1)*(1-Inputs!$C$72*$H10*(1-Inputs!$E$54*Inputs!$B$72))*(1+$I10)*IF(Inputs!$D$29=0,1,(MAX(CK9,0)/Inputs!$D$6)^Inputs!$D$29) -> 9747.1227 | CI10: =Inputs!$D$32*CK9/Inputs!$D$6 -> 4200 | CJ10: =Inputs!$D$33 -> 1500 | CK10: =MAX(CK9+CG10-CH10-CI10-CJ10,0) -> 880000 | CL10: =CL9-CG10 -> 832260.64 | CM10: =Inputs!$D$19*(1-Inputs!$C$72*$H10)+Inputs!$D$21+Inputs!$B$72*$J10 -> 403482.29 | CN10: =CK10-CM10 -> 476517.71 | CO10: =IF(CN10<0,1,0) -> 0 | CP10: =MAX(0,MIN(Inputs!$B$36,CU9,CQ10+CR10+CS10+Inputs!$B$6-CT9)) -> 22000 | CQ10: =Inputs!$B$27*(1+Inputs!$B$28)^($A10/12)*IF(Inputs!$B$73=1,$G10,1)*(1-Inputs!$C$73*$H10*(1-Inputs!$E$54*Inputs!$B$73))*(1+$I10)*IF(Inputs!$B$29=0,1,(MAX(CT9,0)/Inputs!$B$6)^Inputs!$B$29) -> 14883.031 | CR10: =Inputs!$B$32*CT9/Inputs!$B$6 -> 10412.777 | CS10: =Inputs!$B$33 -> 2500 | CT10: =MAX(CT9+CP10-CQ10-CR10-CS10,0) -> 649823.47 | CU10: =CU9-CP10 -> 261250 | CV10: =Inputs!$B$19*(1-Inputs!$C$73*$H10)+Inputs!$B$21+Inputs!$B$73*$J10 -> 594427.08 | CW10: =CT10-CV10 -> 55396.388 | CX10: =IF(CW10<0,1,0) -> 0 | CY10: =MAX(0,MIN(Inputs!$C$36,DD9,CZ10+DA10+DB10+Inputs!$C$6-DC9)) -> 20902.938 | CZ10: =Inputs!$C$27*(1+Inputs!$C$28)^($A10/12)*IF(Inputs!$B$73=1,$G10,1)*(1-Inputs!$C$73*$H10*(1-Inputs!$E$54*Inputs!$B$73))*(1+$I10)*IF(Inputs!$C$29=0,1,(MAX(DC9,0)/Inputs!$C$6)^Inputs!$C$29) -> 12152.938 | DA10: =Inputs!$C$32*DC9/Inputs!$C$6 -> 6750 | DB10: =Inputs!$C$33 -> 2000 | DC10: =MAX(DC9+CY10-CZ10-DA10-DB10,0) -> 800000 | DD10: =DD9-CY10 -> 488790.58 | DE10: =Inputs!$C$19*(1-Inputs!$C$73*$H10)+Inputs!$C$21+Inputs!$B$73*$J10 -> 494687.5 | DF10: =DC10-DE10 -> 305312.5 | DG10: =IF(DF10<0,1,0) -> 0 | DH10: =MAX(0,MIN(Inputs!$D$36,DM9,DI10+DJ10+DK10+Inputs!$D$6-DL9)) -> 15216.767 | DI10: =Inputs!$D$27*(1+Inputs!$D$28)^($A10/12)*IF(Inputs!$B$73=1,$G10,1)*(1-Inputs!$C$73*$H10*(1-Inputs!$E$54*Inputs!$B$73))*(1+$I10)*IF(Inputs!$D$29=0,1,(MAX(DL9,0)/Inputs!$D$6)^Inputs!$D$29) -> 9516.767 | DJ10: =Inputs!$D$32*DL9/Inputs!$D$6 -> 4200 | DK10: =Inputs!$D$33 -> 1500 | DL10: =MAX(DL9+DH10-DI10-DJ10-DK10,0) -> 880000 | DM10: =DM9-DH10 -> 832955.69 | DN10: =Inputs!$D$19*(1-Inputs!$C$73*$H10)+Inputs!$D$21+Inputs!$B$73*$J10 -> 404732.29 | DO10: =DL10-DN10 -> 475267.71 | DP10: =IF(DO10<0,1,0) -> 0
A11: 6 | B11: =EDATE(Inputs!$B$67,$A11) -> 46447 | C11: =IF(Inputs!$E$47<=0,Inputs!$E$46,Inputs!$E$44+(Inputs!$E$46-Inputs!$E$44)*MIN($A11/Inputs!$E$47,1)) -> 0.325 | D11: =MIN(Inputs!$E$57,Inputs!$E$55*(1+Inputs!$E$56)^($A11/12))*Inputs!$E$58*(1+Inputs!$E$59)^($A11/12)/Inputs!$E$45 -> 0.4969507 | E11: =MAX(Inputs!$E$44,MIN(C11,D11)) -> 0.325 | F11: =IF(Inputs!$E$50<=0,Inputs!$E$49,Inputs!$E$48+(Inputs!$E$49-Inputs!$E$48)*MIN($A11/Inputs!$E$50,1)) -> 0.036666667 | G11: =(Inputs!$E$41*(1-E11*Inputs!$E$51)+Inputs!$E$42*(1-F11*Inputs!$E$51))/(Inputs!$E$41*(1-Inputs!$E$44*Inputs!$E$51)+Inputs!$E$42*(1-Inputs!$E$48*Inputs!$E$51)) -> 0.96550591 | H11: =IF(Inputs!$E$53<=0,Inputs!$E$52,Inputs!$E$52*MIN($A11/Inputs!$E$53,1)) -> 0.0125 | I11: =IF(Inputs!$E$64<=0,Inputs!$E$63,Inputs!$E$62+(Inputs!$E$63-Inputs!$E$62)*MIN($A11/Inputs!$E$64,1)) -> 0.0075 | J11: =(E11-Inputs!$E$44)*Inputs!$E$45/Inputs!$E$60*Inputs!$E$61 -> 1500 | K11: =IF(D11<C11,1,0) -> 0 | M11: =MAX(0,MIN(Inputs!$B$36,R10,N11+O11+P11+Inputs!$B$6-Q10)) -> 22000 | N11: =Inputs!$B$27*(1+Inputs!$B$28)^($A11/12)*IF(Inputs!$B$70=1,$G11,1)*(1-Inputs!$C$70*$H11*(1-Inputs!$E$54*Inputs!$B$70))*(1+$I11)*IF(Inputs!$B$29=0,1,(MAX(Q10,0)/Inputs!$B$6)^Inputs!$B$29) -> 15485.704 | O11: =Inputs!$B$32*Q10/Inputs!$B$6 -> 10296.575 | P11: =Inputs!$B$33 -> 2500 | Q11: =MAX(Q10+M11-N11-O11-P11,0) -> 642020.58 | R11: =R10-M11 -> 239250 | S11: =Inputs!$B$19*(1-Inputs!$C$70*$H11)+Inputs!$B$21+Inputs!$B$70*$J11 -> 595000 | T11: =Q11-S11 -> 47020.58 | U11: =IF(T11<0,1,0) -> 0 | V11: =MAX(0,MIN(Inputs!$C$36,AA10,W11+X11+Y11+Inputs!$C$6-Z10)) -> 21343.75 | W11: =Inputs!$C$27*(1+Inputs!$C$28)^($A11/12)*IF(Inputs!$B$70=1,$G11,1)*(1-Inputs!$C$70*$H11*(1-Inputs!$E$54*Inputs!$B$70))*(1+$I11)*IF(Inputs!$C$29=0,1,(MAX(Z10,0)/Inputs!$C$6)^Inputs!$C$29) -> 12593.75 | X11: =Inputs!$C$32*Z10/Inputs!$C$6 -> 6750 | Y11: =Inputs!$C$33 -> 2000 | Z11: =MAX(Z10+V11-W11-X11-Y11,0) -> 800000 | AA11: =AA10-V11 -> 466171.88 | AB11: =Inputs!$C$19*(1-Inputs!$C$70*$H11)+Inputs!$C$21+Inputs!$B$70*$J11 -> 495000 | AC11: =Z11-AB11 -> 305000 | AD11: =IF(AC11<0,1,0) -> 0 | AE11: =MAX(0,MIN(Inputs!$D$36,AJ10,AF11+AG11+AH11+Inputs!$D$6-AI10)) -> 15519.895 | AF11: =Inputs!$D$27*(1+Inputs!$D$28)^($A11/12)*IF(Inputs!$B$70=1,$G11,1)*(1-Inputs!$C$70*$H11*(1-Inputs!$E$54*Inputs!$B$70))*(1+$I11)*IF(Inputs!$D$29=0,1,(MAX(AI10,0)/Inputs!$D$6)^Inputs!$D$29) -> 9819.8953 | AG11: =Inputs!$D$32*AI10/Inputs!$D$6 -> 4200 | AH11: =Inputs!$D$33 -> 1500 | AI11: =MAX(AI10+AE11-AF11-AG11-AH11,0) -> 880000 | AJ11: =AJ10-AE11 -> 816431.69 | AK11: =Inputs!$D$19*(1-Inputs!$C$70*$H11)+Inputs!$D$21+Inputs!$B$70*$J11 -> 404800 | AL11: =AI11-AK11 -> 475200 | AM11: =IF(AL11<0,1,0) -> 0 | AN11: =MAX(0,MIN(Inputs!$B$36,AS10,AO11+AP11+AQ11+Inputs!$B$6-AR10)) -> 22000 | AO11: =Inputs!$B$27*(1+Inputs!$B$28)^($A11/12)*IF(Inputs!$B$71=1,$G11,1)*(1-Inputs!$C$71*$H11*(1-Inputs!$E$54*Inputs!$B$71))*(1+$I11)*IF(Inputs!$B$29=0,1,(MAX(AR10,0)/Inputs!$B$6)^Inputs!$B$29) -> 14951.539 | AP11: =Inputs!$B$32*AR10/Inputs!$B$6 -> 10317.088 | AQ11: =Inputs!$B$33 -> 2500 | AR11: =MAX(AR10+AN11-AO11-AP11-AQ11,0) -> 643825.8 | AS11: =AS10-AN11 -> 239250 | AT11: =Inputs!$B$19*(1-Inputs!$C$71*$H11)+Inputs!$B$21+Inputs!$B$71*$J11 -> 596500 | AU11: =AR11-AT11 -> 47325.802 | AV11: =IF(AU11<0,1,0) -> 0 | AW11: =MAX(0,MIN(Inputs!$C$36,BB10,AX11+AY11+AZ11+Inputs!$C$6-BA10)) -> 20909.34 | AX11: =Inputs!$C$27*(1+Inputs!$C$28)^($A11/12)*IF(Inputs!$B$71=1,$G11,1)*(1-Inputs!$C$71*$H11*(1-Inputs!$E$54*Inputs!$B$71))*(1+$I11)*IF(Inputs!$C$29=0,1,(MAX(BA10,0)/Inputs!$C$6)^Inputs!$C$29) -> 12159.34 | AY11: =Inputs!$C$32*BA10/Inputs!$C$6 -> 6750 | AZ11: =Inputs!$C$33 -> 2000 | BA11: =MAX(BA10+AW11-AX11-AY11-AZ11,0) -> 800000 | BB11: =BB10-AW11 -> 467689.17 | BC11: =Inputs!$C$19*(1-Inputs!$C$71*$H11)+Inputs!$C$21+Inputs!$B$71*$J11 -> 496500 | BD11: =BA11-BC11 -> 303500 | BE11: =IF(BD11<0,1,0) -> 0 | BF11: =MAX(0,MIN(Inputs!$D$36,BK10,BG11+BH11+BI11+Inputs!$D$6-BJ10)) -> 15181.167 | BG11: =Inputs!$D$27*(1+Inputs!$D$28)^($A11/12)*IF(Inputs!$B$71=1,$G11,1)*(1-Inputs!$C$71*$H11*(1-Inputs!$E$54*Inputs!$B$71))*(1+$I11)*IF(Inputs!$D$29=0,1,(MAX(BJ10,0)/Inputs!$D$6)^Inputs!$D$29) -> 9481.167 | BH11: =Inputs!$D$32*BJ10/Inputs!$D$6 -> 4200 | BI11: =Inputs!$D$33 -> 1500 | BJ11: =MAX(BJ10+BF11-BG11-BH11-BI11,0) -> 880000 | BK11: =BK10-BF11 -> 817623.25 | BL11: =Inputs!$D$19*(1-Inputs!$C$71*$H11)+Inputs!$D$21+Inputs!$B$71*$J11 -> 406300 | BM11: =BJ11-BL11 -> 473700 | BN11: =IF(BM11<0,1,0) -> 0 | BO11: =MAX(0,MIN(Inputs!$B$36,BT10,BP11+BQ11+BR11+Inputs!$B$6-BS10)) -> 22000 | BP11: =Inputs!$B$27*(1+Inputs!$B$28)^($A11/12)*IF(Inputs!$B$72=1,$G11,1)*(1-Inputs!$C$72*$H11*(1-Inputs!$E$54*Inputs!$B$72))*(1+$I11)*IF(Inputs!$B$29=0,1,(MAX(BS10,0)/Inputs!$B$6)^Inputs!$B$29) -> 15292.133 | BQ11: =Inputs!$B$32*BS10/Inputs!$B$6 -> 10304.008 | BR11: =Inputs!$B$33 -> 2500 | BS11: =MAX(BS10+BO11-BP11-BQ11-BR11,0) -> 642674.76 | BT11: =BT10-BO11 -> 239250 | BU11: =Inputs!$B$19*(1-Inputs!$C$72*$H11)+Inputs!$B$21+Inputs!$B$72*$J11 -> 592812.5 | BV11: =BS11-BU11 -> 49862.258 | BW11: =IF(BV11<0,1,0) -> 0 | BX11: =MAX(0,MIN(Inputs!$C$36,CC10,BY11+BZ11+CA11+Inputs!$C$6-CB10)) -> 21186.328 | BY11: =Inputs!$C$27*(1+Inputs!$C$28)^($A11/12)*IF(Inputs!$B$72=1,$G11,1)*(1-Inputs!$C$72*$H11*(1-Inputs!$E$54*Inputs!$B$72))*(1+$I11)*IF(Inputs!$C$29=0,1,(MAX(CB10,0)/Inputs!$C$6)^Inputs!$C$29) -> 12436.328 | BZ11: =Inputs!$C$32*CB10/Inputs!$C$6 -> 6750 | CA11: =Inputs!$C$33 -> 2000 | CB11: =MAX(CB10+BX11-BY11-BZ11-CA11,0) -> 800000 | CC11: =CC10-BX11 -> 466721.71 | CD11: =Inputs!$C$19*(1-Inputs!$C$72*$H11)+Inputs!$C$21+Inputs!$B$72*$J11 -> 493125 | CE11: =CB11-CD11 -> 306875 | CF11: =IF(CE11<0,1,0) -> 0 | CG11: =MAX(0,MIN(Inputs!$D$36,CL10,CH11+CI11+CJ11+Inputs!$D$6-CK10)) -> 15397.147 | CH11: =Inputs!$D$27*(1+Inputs!$D$28)^($A11/12)*IF(Inputs!$B$72=1,$G11,1)*(1-Inputs!$C$72*$H11*(1-Inputs!$E$54*Inputs!$B$72))*(1+$I11)*IF(Inputs!$D$29=0,1,(MAX(CK10,0)/Inputs!$D$6)^Inputs!$D$29) -> 9697.1466 | CI11: =Inputs!$D$32*CK10/Inputs!$D$6 -> 4200 | CJ11: =Inputs!$D$33 -> 1500 | CK11: =MAX(CK10+CG11-CH11-CI11-CJ11,0) -> 880000 | CL11: =CL10-CG11 -> 816863.49 | CM11: =Inputs!$D$19*(1-Inputs!$C$72*$H11)+Inputs!$D$21+Inputs!$B$72*$J11 -> 403218.75 | CN11: =CK11-CM11 -> 476781.25 | CO11: =IF(CN11<0,1,0) -> 0 | CP11: =MAX(0,MIN(Inputs!$B$36,CU10,CQ11+CR11+CS11+Inputs!$B$6-CT10)) -> 22000 | CQ11: =Inputs!$B$27*(1+Inputs!$B$28)^($A11/12)*IF(Inputs!$B$73=1,$G11,1)*(1-Inputs!$C$73*$H11*(1-Inputs!$E$54*Inputs!$B$73))*(1+$I11)*IF(Inputs!$B$29=0,1,(MAX(CT10,0)/Inputs!$B$6)^Inputs!$B$29) -> 14858.092 | CR11: =Inputs!$B$32*CT10/Inputs!$B$6 -> 10320.726 | CS11: =Inputs!$B$33 -> 2500 | CT11: =MAX(CT10+CP11-CQ11-CR11-CS11,0) -> 644144.65 | CU11: =CU10-CP11 -> 239250 | CV11: =Inputs!$B$19*(1-Inputs!$C$73*$H11)+Inputs!$B$21+Inputs!$B$73*$J11 -> 594312.5 | CW11: =CT11-CV11 -> 49832.154 | CX11: =IF(CW11<0,1,0) -> 0 | CY11: =MAX(0,MIN(Inputs!$C$36,DD10,CZ11+DA11+DB11+Inputs!$C$6-DC10)) -> 20833.344 | CZ11: =Inputs!$C$27*(1+Inputs!$C$28)^($A11/12)*IF(Inputs!$B$73=1,$G11,1)*(1-Inputs!$C$73*$H11*(1-Inputs!$E$54*Inputs!$B$73))*(1+$I11)*IF(Inputs!$C$29=0,1,(MAX(DC10,0)/Inputs!$C$6)^Inputs!$C$29) -> 12083.344 | DA11: =Inputs!$C$32*DC10/Inputs!$C$6 -> 6750 | DB11: =Inputs!$C$33 -> 2000 | DC11: =MAX(DC10+CY11-CZ11-DA11-DB11,0) -> 800000 | DD11: =DD10-CY11 -> 467957.23 | DE11: =Inputs!$C$19*(1-Inputs!$C$73*$H11)+Inputs!$C$21+Inputs!$B$73*$J11 -> 494625 | DF11: =DC11-DE11 -> 305375 | DG11: =IF(DF11<0,1,0) -> 0 | DH11: =MAX(0,MIN(Inputs!$D$36,DM10,DI11+DJ11+DK11+Inputs!$D$6-DL10)) -> 15121.91 | DI11: =Inputs!$D$27*(1+Inputs!$D$28)^($A11/12)*IF(Inputs!$B$73=1,$G11,1)*(1-Inputs!$C$73*$H11*(1-Inputs!$E$54*Inputs!$B$73))*(1+$I11)*IF(Inputs!$D$29=0,1,(MAX(DL10,0)/Inputs!$D$6)^Inputs!$D$29) -> 9421.9097 | DJ11: =Inputs!$D$32*DL10/Inputs!$D$6 -> 4200 | DK11: =Inputs!$D$33 -> 1500 | DL11: =MAX(DL10+DH11-DI11-DJ11-DK11,0) -> 880000 | DM11: =DM10-DH11 -> 817833.79 | DN11: =Inputs!$D$19*(1-Inputs!$C$73*$H11)+Inputs!$D$21+Inputs!$B$73*$J11 -> 404718.75 | DO11: =DL11-DN11 -> 475281.25 | DP11: =IF(DO11<0,1,0) -> 0
A12: 7 | B12: =EDATE(Inputs!$B$67,$A12) -> 46478 | C12: =IF(Inputs!$E$47<=0,Inputs!$E$46,Inputs!$E$44+(Inputs!$E$46-Inputs!$E$44)*MIN($A12/Inputs!$E$47,1)) -> 0.34583333 | D12: =MIN(Inputs!$E$57,Inputs!$E$55*(1+Inputs!$E$56)^($A12/12))*Inputs!$E$58*(1+Inputs!$E$59)^($A12/12)/Inputs!$E$45 -> 0.51108207 | E12: =MAX(Inputs!$E$44,MIN(C12,D12)) -> 0.34583333 | F12: =IF(Inputs!$E$50<=0,Inputs!$E$49,Inputs!$E$48+(Inputs!$E$49-Inputs!$E$48)*MIN($A12/Inputs!$E$50,1)) -> 0.039444444 | G12: =(Inputs!$E$41*(1-E12*Inputs!$E$51)+Inputs!$E$42*(1-F12*Inputs!$E$51))/(Inputs!$E$41*(1-Inputs!$E$44*Inputs!$E$51)+Inputs!$E$42*(1-Inputs!$E$48*Inputs!$E$51)) -> 0.9597569 | H12: =IF(Inputs!$E$53<=0,Inputs!$E$52,Inputs!$E$52*MIN($A12/Inputs!$E$53,1)) -> 0.014583333 | I12: =IF(Inputs!$E$64<=0,Inputs!$E$63,Inputs!$E$62+(Inputs!$E$63-Inputs!$E$62)*MIN($A12/Inputs!$E$64,1)) -> 0.00875 | J12: =(E12-Inputs!$E$44)*Inputs!$E$45/Inputs!$E$60*Inputs!$E$61 -> 1750 | K12: =IF(D12<C12,1,0) -> 0 | M12: =MAX(0,MIN(Inputs!$B$36,R11,N12+O12+P12+Inputs!$B$6-Q11)) -> 22000 | N12: =Inputs!$B$27*(1+Inputs!$B$28)^($A12/12)*IF(Inputs!$B$70=1,$G12,1)*(1-Inputs!$C$70*$H12*(1-Inputs!$E$54*Inputs!$B$70))*(1+$I12)*IF(Inputs!$B$29=0,1,(MAX(Q11,0)/Inputs!$B$6)^Inputs!$B$29) -> 15568.086 | O12: =Inputs!$B$32*Q11/Inputs!$B$6 -> 10196.797 | P12: =Inputs!$B$33 -> 2500 | Q12: =MAX(Q11+M12-N12-O12-P12,0) -> 635755.7 | R12: =R11-M12 -> 217250 | S12: =Inputs!$B$19*(1-Inputs!$C$70*$H12)+Inputs!$B$21+Inputs!$B$70*$J12 -> 595000 | T12: =Q12-S12 -> 40755.696 | U12: =IF(T12<0,1,0) -> 0 | V12: =MAX(0,MIN(Inputs!$C$36,AA11,W12+X12+Y12+Inputs!$C$6-Z11)) -> 21359.375 | W12: =Inputs!$C$27*(1+Inputs!$C$28)^($A12/12)*IF(Inputs!$B$70=1,$G12,1)*(1-Inputs!$C$70*$H12*(1-Inputs!$E$54*Inputs!$B$70))*(1+$I12)*IF(Inputs!$C$29=0,1,(MAX(Z11,0)/Inputs!$C$6)^Inputs!$C$29) -> 12609.375 | X12: =Inputs!$C$32*Z11/Inputs!$C$6 -> 6750 | Y12: =Inputs!$C$33 -> 2000 | Z12: =MAX(Z11+V12-W12-X12-Y12,0) -> 800000 | AA12: =AA11-V12 -> 444812.5 | AB12: =Inputs!$C$19*(1-Inputs!$C$70*$H12)+Inputs!$C$21+Inputs!$B$70*$J12 -> 495000 | AC12: =Z12-AB12 -> 305000 | AD12: =IF(AC12<0,1,0) -> 0 | AE12: =MAX(0,MIN(Inputs!$D$36,AJ11,AF12+AG12+AH12+Inputs!$D$6-AI11)) -> 15490.142 | AF12: =Inputs!$D$27*(1+Inputs!$D$28)^($A12/12)*IF(Inputs!$B$70=1,$G12,1)*(1-Inputs!$C$70*$H12*(1-Inputs!$E$54*Inputs!$B$70))*(1+$I12)*IF(Inputs!$D$29=0,1,(MAX(AI11,0)/Inputs!$D$6)^Inputs!$D$29) -> 9790.1418 | AG12: =Inputs!$D$32*AI11/Inputs!$D$6 -> 4200 | AH12: =Inputs!$D$33 -> 1500 | AI12: =MAX(AI11+AE12-AF12-AG12-AH12,0) -> 880000 | AJ12: =AJ11-AE12 -> 800941.55 | AK12: =Inputs!$D$19*(1-Inputs!$C$70*$H12)+Inputs!$D$21+Inputs!$B$70*$J12 -> 404800 | AL12: =AI12-AK12 -> 475200 | AM12: =IF(AL12<0,1,0) -> 0 | AN12: =MAX(0,MIN(Inputs!$B$36,AS11,AO12+AP12+AQ12+Inputs!$B$6-AR11)) -> 22000 | AO12: =Inputs!$B$27*(1+Inputs!$B$28)^($A12/12)*IF(Inputs!$B$71=1,$G12,1)*(1-Inputs!$C$71*$H12*(1-Inputs!$E$54*Inputs!$B$71))*(1+$I12)*IF(Inputs!$B$29=0,1,(MAX(AR11,0)/Inputs!$B$6)^Inputs!$B$29) -> 14941.578 | AP12: =Inputs!$B$32*AR11/Inputs!$B$6 -> 10225.469 | AQ12: =Inputs!$B$33 -> 2500 | AR12: =MAX(AR11+AN12-AO12-AP12-AQ12,0) -> 638158.75 | AS12: =AS11-AN12 -> 217250 | AT12: =Inputs!$B$19*(1-Inputs!$C$71*$H12)+Inputs!$B$21+Inputs!$B$71*$J12 -> 596750 | AU12: =AR12-AT12 -> 41408.755 | AV12: =IF(AU12<0,1,0) -> 0 | AW12: =MAX(0,MIN(Inputs!$C$36,BB11,AX12+AY12+AZ12+Inputs!$C$6-BA11)) -> 20851.935 | AX12: =Inputs!$C$27*(1+Inputs!$C$28)^($A12/12)*IF(Inputs!$B$71=1,$G12,1)*(1-Inputs!$C$71*$H12*(1-Inputs!$E$54*Inputs!$B$71))*(1+$I12)*IF(Inputs!$C$29=0,1,(MAX(BA11,0)/Inputs!$C$6)^Inputs!$C$29) -> 12101.935 | AY12: =Inputs!$C$32*BA11/Inputs!$C$6 -> 6750 | AZ12: =Inputs!$C$33 -> 2000 | BA12: =MAX(BA11+AW12-AX12-AY12-AZ12,0) -> 800000 | BB12: =BB11-AW12 -> 446837.23 | BC12: =Inputs!$C$19*(1-Inputs!$C$71*$H12)+Inputs!$C$21+Inputs!$B$71*$J12 -> 496750 | BD12: =BA12-BC12 -> 303250 | BE12: =IF(BD12<0,1,0) -> 0 | BF12: =MAX(0,MIN(Inputs!$D$36,BK11,BG12+BH12+BI12+Inputs!$D$6-BJ11)) -> 15096.156 | BG12: =Inputs!$D$27*(1+Inputs!$D$28)^($A12/12)*IF(Inputs!$B$71=1,$G12,1)*(1-Inputs!$C$71*$H12*(1-Inputs!$E$54*Inputs!$B$71))*(1+$I12)*IF(Inputs!$D$29=0,1,(MAX(BJ11,0)/Inputs!$D$6)^Inputs!$D$29) -> 9396.1562 | BH12: =Inputs!$D$32*BJ11/Inputs!$D$6 -> 4200 | BI12: =Inputs!$D$33 -> 1500 | BJ12: =MAX(BJ11+BF12-BG12-BH12-BI12,0) -> 880000 | BK12: =BK11-BF12 -> 802527.1 | BL12: =Inputs!$D$19*(1-Inputs!$C$71*$H12)+Inputs!$D$21+Inputs!$B$71*$J12 -> 406550 | BM12: =BJ12-BL12 -> 473450 | BN12: =IF(BM12<0,1,0) -> 0 | BO12: =MAX(0,MIN(Inputs!$B$36,BT11,BP12+BQ12+BR12+Inputs!$B$6-BS11)) -> 22000 | BP12: =Inputs!$B$27*(1+Inputs!$B$28)^($A12/12)*IF(Inputs!$B$72=1,$G12,1)*(1-Inputs!$C$72*$H12*(1-Inputs!$E$54*Inputs!$B$72))*(1+$I12)*IF(Inputs!$B$29=0,1,(MAX(BS11,0)/Inputs!$B$6)^Inputs!$B$29) -> 15341.052 | BQ12: =Inputs!$B$32*BS11/Inputs!$B$6 -> 10207.187 | BR12: =Inputs!$B$33 -> 2500 | BS12: =MAX(BS11+BO12-BP12-BQ12-BR12,0) -> 636626.52 | BT12: =BT11-BO12 -> 217250 | BU12: =Inputs!$B$19*(1-Inputs!$C$72*$H12)+Inputs!$B$21+Inputs!$B$72*$J12 -> 592447.92 | BV12: =BS12-BU12 -> 44178.602 | BW12: =IF(BV12<0,1,0) -> 0 | BX12: =MAX(0,MIN(Inputs!$C$36,CC11,BY12+BZ12+CA12+Inputs!$C$6-CB11)) -> 21175.488 | BY12: =Inputs!$C$27*(1+Inputs!$C$28)^($A12/12)*IF(Inputs!$B$72=1,$G12,1)*(1-Inputs!$C$72*$H12*(1-Inputs!$E$54*Inputs!$B$72))*(1+$I12)*IF(Inputs!$C$29=0,1,(MAX(CB11,0)/Inputs!$C$6)^Inputs!$C$29) -> 12425.488 | BZ12: =Inputs!$C$32*CB11/Inputs!$C$6 -> 6750 | CA12: =Inputs!$C$33 -> 2000 | CB12: =MAX(CB11+BX12-BY12-BZ12-CA12,0) -> 800000 | CC12: =CC11-BX12 -> 445546.22 | CD12: =Inputs!$C$19*(1-Inputs!$C$72*$H12)+Inputs!$C$21+Inputs!$B$72*$J12 -> 492812.5 | CE12: =CB12-CD12 -> 307187.5 | CF12: =IF(CE12<0,1,0) -> 0 | CG12: =MAX(0,MIN(Inputs!$D$36,CL11,CH12+CI12+CJ12+Inputs!$D$6-CK11)) -> 15347.369 | CH12: =Inputs!$D$27*(1+Inputs!$D$28)^($A12/12)*IF(Inputs!$B$72=1,$G12,1)*(1-Inputs!$C$72*$H12*(1-Inputs!$E$54*Inputs!$B$72))*(1+$I12)*IF(Inputs!$D$29=0,1,(MAX(CK11,0)/Inputs!$D$6)^Inputs!$D$29) -> 9647.3689 | CI12: =Inputs!$D$32*CK11/Inputs!$D$6 -> 4200 | CJ12: =Inputs!$D$33 -> 1500 | CK12: =MAX(CK11+CG12-CH12-CI12-CJ12,0) -> 880000 | CL12: =CL11-CG12 -> 801516.12 | CM12: =Inputs!$D$19*(1-Inputs!$C$72*$H12)+Inputs!$D$21+Inputs!$B$72*$J12 -> 402955.21 | CN12: =CK12-CM12 -> 477044.79 | CO12: =IF(CN12<0,1,0) -> 0 | CP12: =MAX(0,MIN(Inputs!$B$36,CU11,CQ12+CR12+CS12+Inputs!$B$6-CT11)) -> 22000 | CQ12: =Inputs!$B$27*(1+Inputs!$B$28)^($A12/12)*IF(Inputs!$B$73=1,$G12,1)*(1-Inputs!$C$73*$H12*(1-Inputs!$E$54*Inputs!$B$73))*(1+$I12)*IF(Inputs!$B$29=0,1,(MAX(CT11,0)/Inputs!$B$6)^Inputs!$B$29) -> 14832.629 | CR12: =Inputs!$B$32*CT11/Inputs!$B$6 -> 10230.533 | CS12: =Inputs!$B$33 -> 2500 | CT12: =MAX(CT11+CP12-CQ12-CR12-CS12,0) -> 638581.49 | CU12: =CU11-CP12 -> 217250 | CV12: =Inputs!$B$19*(1-Inputs!$C$73*$H12)+Inputs!$B$21+Inputs!$B$73*$J12 -> 594197.92 | CW12: =CT12-CV12 -> 44383.575 | CX12: =IF(CW12<0,1,0) -> 0 | CY12: =MAX(0,MIN(Inputs!$C$36,DD11,CZ12+DA12+DB12+Inputs!$C$6-DC11)) -> 20763.691 | CZ12: =Inputs!$C$27*(1+Inputs!$C$28)^($A12/12)*IF(Inputs!$B$73=1,$G12,1)*(1-Inputs!$C$73*$H12*(1-Inputs!$E$54*Inputs!$B$73))*(1+$I12)*IF(Inputs!$C$29=0,1,(MAX(DC11,0)/Inputs!$C$6)^Inputs!$C$29) -> 12013.691 | DA12: =Inputs!$C$32*DC11/Inputs!$C$6 -> 6750 | DB12: =Inputs!$C$33 -> 2000 | DC12: =MAX(DC11+CY12-CZ12-DA12-DB12,0) -> 800000 | DD12: =DD11-CY12 -> 447193.54 | DE12: =Inputs!$C$19*(1-Inputs!$C$73*$H12)+Inputs!$C$21+Inputs!$B$73*$J12 -> 494562.5 | DF12: =DC12-DE12 -> 305437.5 | DG12: =IF(DF12<0,1,0) -> 0 | DH12: =MAX(0,MIN(Inputs!$D$36,DM11,DI12+DJ12+DK12+Inputs!$D$6-DL11)) -> 15027.643 | DI12: =Inputs!$D$27*(1+Inputs!$D$28)^($A12/12)*IF(Inputs!$B$73=1,$G12,1)*(1-Inputs!$C$73*$H12*(1-Inputs!$E$54*Inputs!$B$73))*(1+$I12)*IF(Inputs!$D$29=0,1,(MAX(DL11,0)/Inputs!$D$6)^Inputs!$D$29) -> 9327.6425 | DJ12: =Inputs!$D$32*DL11/Inputs!$D$6 -> 4200 | DK12: =Inputs!$D$33 -> 1500 | DL12: =MAX(DL11+DH12-DI12-DJ12-DK12,0) -> 880000 | DM12: =DM11-DH12 -> 802806.14 | DN12: =Inputs!$D$19*(1-Inputs!$C$73*$H12)+Inputs!$D$21+Inputs!$B$73*$J12 -> 404705.21 | DO12: =DL12-DN12 -> 475294.79 | DP12: =IF(DO12<0,1,0) -> 0
A13: 8 | B13: =EDATE(Inputs!$B$67,$A13) -> 46508 | C13: =IF(Inputs!$E$47<=0,Inputs!$E$46,Inputs!$E$44+(Inputs!$E$46-Inputs!$E$44)*MIN($A13/Inputs!$E$47,1)) -> 0.36666667 | D13: =MIN(Inputs!$E$57,Inputs!$E$55*(1+Inputs!$E$56)^($A13/12))*Inputs!$E$58*(1+Inputs!$E$59)^($A13/12)/Inputs!$E$45 -> 0.52561528 | E13: =MAX(Inputs!$E$44,MIN(C13,D13)) -> 0.36666667 | F13: =IF(Inputs!$E$50<=0,Inputs!$E$49,Inputs!$E$48+(Inputs!$E$49-Inputs!$E$48)*MIN($A13/Inputs!$E$50,1)) -> 0.042222222 | G13: =(Inputs!$E$41*(1-E13*Inputs!$E$51)+Inputs!$E$42*(1-F13*Inputs!$E$51))/(Inputs!$E$41*(1-Inputs!$E$44*Inputs!$E$51)+Inputs!$E$42*(1-Inputs!$E$48*Inputs!$E$51)) -> 0.95400788 | H13: =IF(Inputs!$E$53<=0,Inputs!$E$52,Inputs!$E$52*MIN($A13/Inputs!$E$53,1)) -> 0.016666667 | I13: =IF(Inputs!$E$64<=0,Inputs!$E$63,Inputs!$E$62+(Inputs!$E$63-Inputs!$E$62)*MIN($A13/Inputs!$E$64,1)) -> 0.01 | J13: =(E13-Inputs!$E$44)*Inputs!$E$45/Inputs!$E$60*Inputs!$E$61 -> 2000 | K13: =IF(D13<C13,1,0) -> 0 | M13: =MAX(0,MIN(Inputs!$B$36,R12,N13+O13+P13+Inputs!$B$6-Q12)) -> 22000 | N13: =Inputs!$B$27*(1+Inputs!$B$28)^($A13/12)*IF(Inputs!$B$70=1,$G13,1)*(1-Inputs!$C$70*$H13*(1-Inputs!$E$54*Inputs!$B$70))*(1+$I13)*IF(Inputs!$B$29=0,1,(MAX(Q12,0)/Inputs!$B$6)^Inputs!$B$29) -> 15650.883 | O13: =Inputs!$B$32*Q12/Inputs!$B$6 -> 10097.296 | P13: =Inputs!$B$33 -> 2500 | Q13: =MAX(Q12+M13-N13-O13-P13,0) -> 629507.52 | R13: =R12-M13 -> 195250 | S13: =Inputs!$B$19*(1-Inputs!$C$70*$H13)+Inputs!$B$21+Inputs!$B$70*$J13 -> 595000 | T13: =Q13-S13 -> 34507.517 | U13: =IF(T13<0,1,0) -> 0 | V13: =MAX(0,MIN(Inputs!$C$36,AA12,W13+X13+Y13+Inputs!$C$6-Z12)) -> 21375 | W13: =Inputs!$C$27*(1+Inputs!$C$28)^($A13/12)*IF(Inputs!$B$70=1,$G13,1)*(1-Inputs!$C$70*$H13*(1-Inputs!$E$54*Inputs!$B$70))*(1+$I13)*IF(Inputs!$C$29=0,1,(MAX(Z12,0)/Inputs!$C$6)^Inputs!$C$29) -> 12625 | X13: =Inputs!$C$32*Z12/Inputs!$C$6 -> 6750 | Y13: =Inputs!$C$33 -> 2000 | Z13: =MAX(Z12+V13-W13-X13-Y13,0) -> 800000 | AA13: =AA12-V13 -> 423437.5 | AB13: =Inputs!$C$19*(1-Inputs!$C$70*$H13)+Inputs!$C$21+Inputs!$B$70*$J13 -> 495000 | AC13: =Z13-AB13 -> 305000 | AD13: =IF(AC13<0,1,0) -> 0 | AE13: =MAX(0,MIN(Inputs!$D$36,AJ12,AF13+AG13+AH13+Inputs!$D$6-AI12)) -> 15460.464 | AF13: =Inputs!$D$27*(1+Inputs!$D$28)^($A13/12)*IF(Inputs!$B$70=1,$G13,1)*(1-Inputs!$C$70*$H13*(1-Inputs!$E$54*Inputs!$B$70))*(1+$I13)*IF(Inputs!$D$29=0,1,(MAX(AI12,0)/Inputs!$D$6)^Inputs!$D$29) -> 9760.4636 | AG13: =Inputs!$D$32*AI12/Inputs!$D$6 -> 4200 | AH13: =Inputs!$D$33 -> 1500 | AI13: =MAX(AI12+AE13-AF13-AG13-AH13,0) -> 880000 | AJ13: =AJ12-AE13 -> 785481.08 | AK13: =Inputs!$D$19*(1-Inputs!$C$70*$H13)+Inputs!$D$21+Inputs!$B$70*$J13 -> 404800 | AL13: =AI13-AK13 -> 475200 | AM13: =IF(AL13<0,1,0) -> 0 | AN13: =MAX(0,MIN(Inputs!$B$36,AS12,AO13+AP13+AQ13+Inputs!$B$6-AR12)) -> 22000 | AO13: =Inputs!$B$27*(1+Inputs!$B$28)^($A13/12)*IF(Inputs!$B$71=1,$G13,1)*(1-Inputs!$C$71*$H13*(1-Inputs!$E$54*Inputs!$B$71))*(1+$I13)*IF(Inputs!$B$29=0,1,(MAX(AR12,0)/Inputs!$B$6)^Inputs!$B$29) -> 14931.065 | AP13: =Inputs!$B$32*AR12/Inputs!$B$6 -> 10135.463 | AQ13: =Inputs!$B$33 -> 2500 | AR13: =MAX(AR12+AN13-AO13-AP13-AQ13,0) -> 632592.23 | AS13: =AS12-AN13 -> 195250 | AT13: =Inputs!$B$19*(1-Inputs!$C$71*$H13)+Inputs!$B$21+Inputs!$B$71*$J13 -> 597000 | AU13: =AR13-AT13 -> 35592.227 | AV13: =IF(AU13<0,1,0) -> 0 | AW13: =MAX(0,MIN(Inputs!$C$36,BB12,AX13+AY13+AZ13+Inputs!$C$6-BA12)) -> 20794.35 | AX13: =Inputs!$C$27*(1+Inputs!$C$28)^($A13/12)*IF(Inputs!$B$71=1,$G13,1)*(1-Inputs!$C$71*$H13*(1-Inputs!$E$54*Inputs!$B$71))*(1+$I13)*IF(Inputs!$C$29=0,1,(MAX(BA12,0)/Inputs!$C$6)^Inputs!$C$29) -> 12044.35 | AY13: =Inputs!$C$32*BA12/Inputs!$C$6 -> 6750 | AZ13: =Inputs!$C$33 -> 2000 | BA13: =MAX(BA12+AW13-AX13-AY13-AZ13,0) -> 800000 | BB13: =BB12-AW13 -> 426042.88 | BC13: =Inputs!$C$19*(1-Inputs!$C$71*$H13)+Inputs!$C$21+Inputs!$B$71*$J13 -> 497000 | BD13: =BA13-BC13 -> 303000 | BE13: =IF(BD13<0,1,0) -> 0 | BF13: =MAX(0,MIN(Inputs!$D$36,BK12,BG13+BH13+BI13+Inputs!$D$6-BJ12)) -> 15011.559 | BG13: =Inputs!$D$27*(1+Inputs!$D$28)^($A13/12)*IF(Inputs!$B$71=1,$G13,1)*(1-Inputs!$C$71*$H13*(1-Inputs!$E$54*Inputs!$B$71))*(1+$I13)*IF(Inputs!$D$29=0,1,(MAX(BJ12,0)/Inputs!$D$6)^Inputs!$D$29) -> 9311.5592 | BH13: =Inputs!$D$32*BJ12/Inputs!$D$6 -> 4200 | BI13: =Inputs!$D$33 -> 1500 | BJ13: =MAX(BJ12+BF13-BG13-BH13-BI13,0) -> 880000 | BK13: =BK12-BF13 -> 787515.54 | BL13: =Inputs!$D$19*(1-Inputs!$C$71*$H13)+Inputs!$D$21+Inputs!$B$71*$J13 -> 406800 | BM13: =BJ13-BL13 -> 473200 | BN13: =IF(BM13<0,1,0) -> 0 | BO13: =MAX(0,MIN(Inputs!$B$36,BT12,BP13+BQ13+BR13+Inputs!$B$6-BS12)) -> 22000 | BP13: =Inputs!$B$27*(1+Inputs!$B$28)^($A13/12)*IF(Inputs!$B$72=1,$G13,1)*(1-Inputs!$C$72*$H13*(1-Inputs!$E$54*Inputs!$B$72))*(1+$I13)*IF(Inputs!$B$29=0,1,(MAX(BS12,0)/Inputs!$B$6)^Inputs!$B$29) -> 15390.035 | BQ13: =Inputs!$B$32*BS12/Inputs!$B$6 -> 10111.127 | BR13: =Inputs!$B$33 -> 2500 | BS13: =MAX(BS12+BO13-BP13-BQ13-BR13,0) -> 630625.36 | BT13: =BT12-BO13 -> 195250 | BU13: =Inputs!$B$19*(1-Inputs!$C$72*$H13)+Inputs!$B$21+Inputs!$B$72*$J13 -> 592083.33 | BV13: =BS13-BU13 -> 38542.024 | BW13: =IF(BV13<0,1,0) -> 0 | BX13: =MAX(0,MIN(Inputs!$C$36,CC12,BY13+BZ13+CA13+Inputs!$C$6-CB12)) -> 21164.583 | BY13: =Inputs!$C$27*(1+Inputs!$C$28)^($A13/12)*IF(Inputs!$B$72=1,$G13,1)*(1-Inputs!$C$72*$H13*(1-Inputs!$E$54*Inputs!$B$72))*(1+$I13)*IF(Inputs!$C$29=0,1,(MAX(CB12,0)/Inputs!$C$6)^Inputs!$C$29) -> 12414.583 | BZ13: =Inputs!$C$32*CB12/Inputs!$C$6 -> 6750 | CA13: =Inputs!$C$33 -> 2000 | CB13: =MAX(CB12+BX13-BY13-BZ13-CA13,0) -> 800000 | CC13: =CC12-BX13 -> 424381.64 | CD13: =Inputs!$C$19*(1-Inputs!$C$72*$H13)+Inputs!$C$21+Inputs!$B$72*$J13 -> 492500 | CE13: =CB13-CD13 -> 307500 | CF13: =IF(CE13<0,1,0) -> 0 | CG13: =MAX(0,MIN(Inputs!$D$36,CL12,CH13+CI13+CJ13+Inputs!$D$6-CK12)) -> 15297.789 | CH13: =Inputs!$D$27*(1+Inputs!$D$28)^($A13/12)*IF(Inputs!$B$72=1,$G13,1)*(1-Inputs!$C$72*$H13*(1-Inputs!$E$54*Inputs!$B$72))*(1+$I13)*IF(Inputs!$D$29=0,1,(MAX(CK12,0)/Inputs!$D$6)^Inputs!$D$29) -> 9597.7892 | CI13: =Inputs!$D$32*CK12/Inputs!$D$6 -> 4200 | CJ13: =Inputs!$D$33 -> 1500 | CK13: =MAX(CK12+CG13-CH13-CI13-CJ13,0) -> 880000 | CL13: =CL12-CG13 -> 786218.33 | CM13: =Inputs!$D$19*(1-Inputs!$C$72*$H13)+Inputs!$D$21+Inputs!$B$72*$J13 -> 402691.67 | CN13: =CK13-CM13 -> 477308.33 | CO13: =IF(CN13<0,1,0) -> 0 | CP13: =MAX(0,MIN(Inputs!$B$36,CU12,CQ13+CR13+CS13+Inputs!$B$6-CT12)) -> 22000 | CQ13: =Inputs!$B$27*(1+Inputs!$B$28)^($A13/12)*IF(Inputs!$B$73=1,$G13,1)*(1-Inputs!$C$73*$H13*(1-Inputs!$E$54*Inputs!$B$73))*(1+$I13)*IF(Inputs!$B$29=0,1,(MAX(CT12,0)/Inputs!$B$6)^Inputs!$B$29) -> 14806.64 | CR13: =Inputs!$B$32*CT12/Inputs!$B$6 -> 10142.177 | CS13: =Inputs!$B$33 -> 2500 | CT13: =MAX(CT12+CP13-CQ13-CR13-CS13,0) -> 633132.68 | CU13: =CU12-CP13 -> 195250 | CV13: =Inputs!$B$19*(1-Inputs!$C$73*$H13)+Inputs!$B$21+Inputs!$B$73*$J13 -> 594083.33 | CW13: =CT13-CV13 -> 39049.342 | CX13: =IF(CW13<0,1,0) -> 0 | CY13: =MAX(0,MIN(Inputs!$C$36,DD12,CZ13+DA13+DB13+Inputs!$C$6-DC12)) -> 20693.98 | CZ13: =Inputs!$C$27*(1+Inputs!$C$28)^($A13/12)*IF(Inputs!$B$73=1,$G13,1)*(1-Inputs!$C$73*$H13*(1-Inputs!$E$54*Inputs!$B$73))*(1+$I13)*IF(Inputs!$C$29=0,1,(MAX(DC12,0)/Inputs!$C$6)^Inputs!$C$29) -> 11943.98 | DA13: =Inputs!$C$32*DC12/Inputs!$C$6 -> 6750 | DB13: =Inputs!$C$33 -> 2000 | DC13: =MAX(DC12+CY13-CZ13-DA13-DB13,0) -> 800000 | DD13: =DD12-CY13 -> 426499.56 | DE13: =Inputs!$C$19*(1-Inputs!$C$73*$H13)+Inputs!$C$21+Inputs!$B$73*$J13 -> 494500 | DF13: =DC13-DE13 -> 305500 | DG13: =IF(DF13<0,1,0) -> 0 | DH13: =MAX(0,MIN(Inputs!$D$36,DM12,DI13+DJ13+DK13+Inputs!$D$6-DL12)) -> 14933.963 | DI13: =Inputs!$D$27*(1+Inputs!$D$28)^($A13/12)*IF(Inputs!$B$73=1,$G13,1)*(1-Inputs!$C$73*$H13*(1-Inputs!$E$54*Inputs!$B$73))*(1+$I13)*IF(Inputs!$D$29=0,1,(MAX(DL12,0)/Inputs!$D$6)^Inputs!$D$29) -> 9233.9629 | DJ13: =Inputs!$D$32*DL12/Inputs!$D$6 -> 4200 | DK13: =Inputs!$D$33 -> 1500 | DL13: =MAX(DL12+DH13-DI13-DJ13-DK13,0) -> 880000 | DM13: =DM12-DH13 -> 787872.18 | DN13: =Inputs!$D$19*(1-Inputs!$C$73*$H13)+Inputs!$D$21+Inputs!$B$73*$J13 -> 404691.67 | DO13: =DL13-DN13 -> 475308.33 | DP13: =IF(DO13<0,1,0) -> 0
A14: 9 | B14: =EDATE(Inputs!$B$67,$A14) -> 46539 | C14: =IF(Inputs!$E$47<=0,Inputs!$E$46,Inputs!$E$44+(Inputs!$E$46-Inputs!$E$44)*MIN($A14/Inputs!$E$47,1)) -> 0.3875 | D14: =MIN(Inputs!$E$57,Inputs!$E$55*(1+Inputs!$E$56)^($A14/12))*Inputs!$E$58*(1+Inputs!$E$59)^($A14/12)/Inputs!$E$45 -> 0.54056176 | E14: =MAX(Inputs!$E$44,MIN(C14,D14)) -> 0.3875 | F14: =IF(Inputs!$E$50<=0,Inputs!$E$49,Inputs!$E$48+(Inputs!$E$49-Inputs!$E$48)*MIN($A14/Inputs!$E$50,1)) -> 0.045 | G14: =(Inputs!$E$41*(1-E14*Inputs!$E$51)+Inputs!$E$42*(1-F14*Inputs!$E$51))/(Inputs!$E$41*(1-Inputs!$E$44*Inputs!$E$51)+Inputs!$E$42*(1-Inputs!$E$48*Inputs!$E$51)) -> 0.94825887 | H14: =IF(Inputs!$E$53<=0,Inputs!$E$52,Inputs!$E$52*MIN($A14/Inputs!$E$53,1)) -> 0.01875 | I14: =IF(Inputs!$E$64<=0,Inputs!$E$63,Inputs!$E$62+(Inputs!$E$63-Inputs!$E$62)*MIN($A14/Inputs!$E$64,1)) -> 0.01125 | J14: =(E14-Inputs!$E$44)*Inputs!$E$45/Inputs!$E$60*Inputs!$E$61 -> 2250 | K14: =IF(D14<C14,1,0) -> 0 | M14: =MAX(0,MIN(Inputs!$B$36,R13,N14+O14+P14+Inputs!$B$6-Q13)) -> 22000 | N14: =Inputs!$B$27*(1+Inputs!$B$28)^($A14/12)*IF(Inputs!$B$70=1,$G14,1)*(1-Inputs!$C$70*$H14*(1-Inputs!$E$54*Inputs!$B$70))*(1+$I14)*IF(Inputs!$B$29=0,1,(MAX(Q13,0)/Inputs!$B$6)^Inputs!$B$29) -> 15734.095 | O14: =Inputs!$B$32*Q13/Inputs!$B$6 -> 9998.0606 | P14: =Inputs!$B$33 -> 2500 | Q14: =MAX(Q13+M14-N14-O14-P14,0) -> 623275.36 | R14: =R13-M14 -> 173250 | S14: =Inputs!$B$19*(1-Inputs!$C$70*$H14)+Inputs!$B$21+Inputs!$B$70*$J14 -> 595000 | T14: =Q14-S14 -> 28275.361 | U14: =IF(T14<0,1,0) -> 0 | V14: =MAX(0,MIN(Inputs!$C$36,AA13,W14+X14+Y14+Inputs!$C$6-Z13)) -> 21390.625 | W14: =Inputs!$C$27*(1+Inputs!$C$28)^($A14/12)*IF(Inputs!$B$70=1,$G14,1)*(1-Inputs!$C$70*$H14*(1-Inputs!$E$54*Inputs!$B$70))*(1+$I14)*IF(Inputs!$C$29=0,1,(MAX(Z13,0)/Inputs!$C$6)^Inputs!$C$29) -> 12640.625 | X14: =Inputs!$C$32*Z13/Inputs!$C$6 -> 6750 | Y14: =Inputs!$C$33 -> 2000 | Z14: =MAX(Z13+V14-W14-X14-Y14,0) -> 800000 | AA14: =AA13-V14 -> 402046.88 | AB14: =Inputs!$C$19*(1-Inputs!$C$70*$H14)+Inputs!$C$21+Inputs!$B$70*$J14 -> 495000 | AC14: =Z14-AB14 -> 305000 | AD14: =IF(AC14<0,1,0) -> 0 | AE14: =MAX(0,MIN(Inputs!$D$36,AJ13,AF14+AG14+AH14+Inputs!$D$6-AI13)) -> 15430.86 | AF14: =Inputs!$D$27*(1+Inputs!$D$28)^($A14/12)*IF(Inputs!$B$70=1,$G14,1)*(1-Inputs!$C$70*$H14*(1-Inputs!$E$54*Inputs!$B$70))*(1+$I14)*IF(Inputs!$D$29=0,1,(MAX(AI13,0)/Inputs!$D$6)^Inputs!$D$29) -> 9730.8603 | AG14: =Inputs!$D$32*AI13/Inputs!$D$6 -> 4200 | AH14: =Inputs!$D$33 -> 1500 | AI14: =MAX(AI13+AE14-AF14-AG14-AH14,0) -> 880000 | AJ14: =AJ13-AE14 -> 770050.22 | AK14: =Inputs!$D$19*(1-Inputs!$C$70*$H14)+Inputs!$D$21+Inputs!$B$70*$J14 -> 404800 | AL14: =AI14-AK14 -> 475200 | AM14: =IF(AL14<0,1,0) -> 0 | AN14: =MAX(0,MIN(Inputs!$B$36,AS13,AO14+AP14+AQ14+Inputs!$B$6-AR13)) -> 22000 | AO14: =Inputs!$B$27*(1+Inputs!$B$28)^($A14/12)*IF(Inputs!$B$71=1,$G14,1)*(1-Inputs!$C$71*$H14*(1-Inputs!$E$54*Inputs!$B$71))*(1+$I14)*IF(Inputs!$B$29=0,1,(MAX(AR13,0)/Inputs!$B$6)^Inputs!$B$29) -> 14919.995 | AP14: =Inputs!$B$32*AR13/Inputs!$B$6 -> 10047.053 | AQ14: =Inputs!$B$33 -> 2500 | AR14: =MAX(AR13+AN14-AO14-AP14-AQ14,0) -> 627125.18 | AS14: =AS13-AN14 -> 173250 | AT14: =Inputs!$B$19*(1-Inputs!$C$71*$H14)+Inputs!$B$21+Inputs!$B$71*$J14 -> 597250 | AU14: =AR14-AT14 -> 29875.179 | AV14: =IF(AU14<0,1,0) -> 0 | AW14: =MAX(0,MIN(Inputs!$C$36,BB13,AX14+AY14+AZ14+Inputs!$C$6-BA13)) -> 20736.585 | AX14: =Inputs!$C$27*(1+Inputs!$C$28)^($A14/12)*IF(Inputs!$B$71=1,$G14,1)*(1-Inputs!$C$71*$H14*(1-Inputs!$E$54*Inputs!$B$71))*(1+$I14)*IF(Inputs!$C$29=0,1,(MAX(BA13,0)/Inputs!$C$6)^Inputs!$C$29) -> 11986.585 | AY14: =Inputs!$C$32*BA13/Inputs!$C$6 -> 6750 | AZ14: =Inputs!$C$33 -> 2000 | BA14: =MAX(BA13+AW14-AX14-AY14-AZ14,0) -> 800000 | BB14: =BB13-AW14 -> 405306.3 | BC14: =Inputs!$C$19*(1-Inputs!$C$71*$H14)+Inputs!$C$21+Inputs!$B$71*$J14 -> 497250 | BD14: =BA14-BC14 -> 302750 | BE14: =IF(BD14<0,1,0) -> 0 | BF14: =MAX(0,MIN(Inputs!$D$36,BK13,BG14+BH14+BI14+Inputs!$D$6-BJ13)) -> 14927.375 | BG14: =Inputs!$D$27*(1+Inputs!$D$28)^($A14/12)*IF(Inputs!$B$71=1,$G14,1)*(1-Inputs!$C$71*$H14*(1-Inputs!$E$54*Inputs!$B$71))*(1+$I14)*IF(Inputs!$D$29=0,1,(MAX(BJ13,0)/Inputs!$D$6)^Inputs!$D$29) -> 9227.3746 | BH14: =Inputs!$D$32*BJ13/Inputs!$D$6 -> 4200 | BI14: =Inputs!$D$33 -> 1500 | BJ14: =MAX(BJ13+BF14-BG14-BH14-BI14,0) -> 880000 | BK14: =BK13-BF14 -> 772588.17 | BL14: =Inputs!$D$19*(1-Inputs!$C$71*$H14)+Inputs!$D$21+Inputs!$B$71*$J14 -> 407050 | BM14: =BJ14-BL14 -> 472950 | BN14: =IF(BM14<0,1,0) -> 0 | BO14: =MAX(0,MIN(Inputs!$B$36,BT13,BP14+BQ14+BR14+Inputs!$B$6-BS13)) -> 22000 | BP14: =Inputs!$B$27*(1+Inputs!$B$28)^($A14/12)*IF(Inputs!$B$72=1,$G14,1)*(1-Inputs!$C$72*$H14*(1-Inputs!$E$54*Inputs!$B$72))*(1+$I14)*IF(Inputs!$B$29=0,1,(MAX(BS13,0)/Inputs!$B$6)^Inputs!$B$29) -> 15439.081 | BQ14: =Inputs!$B$32*BS13/Inputs!$B$6 -> 10015.814 | BR14: =Inputs!$B$33 -> 2500 | BS14: =MAX(BS13+BO14-BP14-BQ14-BR14,0) -> 624670.46 | BT14: =BT13-BO14 -> 173250 | BU14: =Inputs!$B$19*(1-Inputs!$C$72*$H14)+Inputs!$B$21+Inputs!$B$72*$J14 -> 591718.75 | BV14: =BS14-BU14 -> 32951.712 | BW14: =IF(BV14<0,1,0) -> 0 | BX14: =MAX(0,MIN(Inputs!$C$36,CC13,BY14+BZ14+CA14+Inputs!$C$6-CB13)) -> 21153.613 | BY14: =Inputs!$C$27*(1+Inputs!$C$28)^($A14/12)*IF(Inputs!$B$72=1,$G14,1)*(1-Inputs!$C$72*$H14*(1-Inputs!$E$54*Inputs!$B$72))*(1+$I14)*IF(Inputs!$C$29=0,1,(MAX(CB13,0)/Inputs!$C$6)^Inputs!$C$29) -> 12403.613 | BZ14: =Inputs!$C$32*CB13/Inputs!$C$6 -> 6750 | CA14: =Inputs!$C$33 -> 2000 | CB14: =MAX(CB13+BX14-BY14-BZ14-CA14,0) -> 800000 | CC14: =CC13-BX14 -> 403228.03 | CD14: =Inputs!$C$19*(1-Inputs!$C$72*$H14)+Inputs!$C$21+Inputs!$B$72*$J14 -> 492187.5 | CE14: =CB14-CD14 -> 307812.5 | CF14: =IF(CE14<0,1,0) -> 0 | CG14: =MAX(0,MIN(Inputs!$D$36,CL13,CH14+CI14+CJ14+Inputs!$D$6-CK13)) -> 15248.407 | CH14: =Inputs!$D$27*(1+Inputs!$D$28)^($A14/12)*IF(Inputs!$B$72=1,$G14,1)*(1-Inputs!$C$72*$H14*(1-Inputs!$E$54*Inputs!$B$72))*(1+$I14)*IF(Inputs!$D$29=0,1,(MAX(CK13,0)/Inputs!$D$6)^Inputs!$D$29) -> 9548.4067 | CI14: =Inputs!$D$32*CK13/Inputs!$D$6 -> 4200 | CJ14: =Inputs!$D$33 -> 1500 | CK14: =MAX(CK13+CG14-CH14-CI14-CJ14,0) -> 880000 | CL14: =CL13-CG14 -> 770969.92 | CM14: =Inputs!$D$19*(1-Inputs!$C$72*$H14)+Inputs!$D$21+Inputs!$B$72*$J14 -> 402428.12 | CN14: =CK14-CM14 -> 477571.88 | CO14: =IF(CN14<0,1,0) -> 0 | CP14: =MAX(0,MIN(Inputs!$B$36,CU13,CQ14+CR14+CS14+Inputs!$B$6-CT13)) -> 22000 | CQ14: =Inputs!$B$27*(1+Inputs!$B$28)^($A14/12)*IF(Inputs!$B$73=1,$G14,1)*(1-Inputs!$C$73*$H14*(1-Inputs!$E$54*Inputs!$B$73))*(1+$I14)*IF(Inputs!$B$29=0,1,(MAX(CT13,0)/Inputs!$B$6)^Inputs!$B$29) -> 14780.12 | CR14: =Inputs!$B$32*CT13/Inputs!$B$6 -> 10055.637 | CS14: =Inputs!$B$33 -> 2500 | CT14: =MAX(CT13+CP14-CQ14-CR14-CS14,0) -> 627796.92 | CU14: =CU13-CP14 -> 173250 | CV14: =Inputs!$B$19*(1-Inputs!$C$73*$H14)+Inputs!$B$21+Inputs!$B$73*$J14 -> 593968.75 | CW14: =CT14-CV14 -> 33828.169 | CX14: =IF(CW14<0,1,0) -> 0 | CY14: =MAX(0,MIN(Inputs!$C$36,DD13,CZ14+DA14+DB14+Inputs!$C$6-DC13)) -> 20624.211 | CZ14: =Inputs!$C$27*(1+Inputs!$C$28)^($A14/12)*IF(Inputs!$B$73=1,$G14,1)*(1-Inputs!$C$73*$H14*(1-Inputs!$E$54*Inputs!$B$73))*(1+$I14)*IF(Inputs!$C$29=0,1,(MAX(DC13,0)/Inputs!$C$6)^Inputs!$C$29) -> 11874.211 | DA14: =Inputs!$C$32*DC13/Inputs!$C$6 -> 6750 | DB14: =Inputs!$C$33 -> 2000 | DC14: =MAX(DC13+CY14-CZ14-DA14-DB14,0) -> 800000 | DD14: =DD13-CY14 -> 405875.35 | DE14: =Inputs!$C$19*(1-Inputs!$C$73*$H14)+Inputs!$C$21+Inputs!$B$73*$J14 -> 494437.5 | DF14: =DC14-DE14 -> 305562.5 | DG14: =IF(DF14<0,1,0) -> 0 | DH14: =MAX(0,MIN(Inputs!$D$36,DM13,DI14+DJ14+DK14+Inputs!$D$6-DL13)) -> 14840.868 | DI14: =Inputs!$D$27*(1+Inputs!$D$28)^($A14/12)*IF(Inputs!$B$73=1,$G14,1)*(1-Inputs!$C$73*$H14*(1-Inputs!$E$54*Inputs!$B$73))*(1+$I14)*IF(Inputs!$D$29=0,1,(MAX(DL13,0)/Inputs!$D$6)^Inputs!$D$29) -> 9140.868 | DJ14: =Inputs!$D$32*DL13/Inputs!$D$6 -> 4200 | DK14: =Inputs!$D$33 -> 1500 | DL14: =MAX(DL13+DH14-DI14-DJ14-DK14,0) -> 880000 | DM14: =DM13-DH14 -> 773031.31 | DN14: =Inputs!$D$19*(1-Inputs!$C$73*$H14)+Inputs!$D$21+Inputs!$B$73*$J14 -> 404678.12 | DO14: =DL14-DN14 -> 475321.88 | DP14: =IF(DO14<0,1,0) -> 0
A15: 10 | B15: =EDATE(Inputs!$B$67,$A15) -> 46569 | C15: =IF(Inputs!$E$47<=0,Inputs!$E$46,Inputs!$E$44+(Inputs!$E$46-Inputs!$E$44)*MIN($A15/Inputs!$E$47,1)) -> 0.40833333 | D15: =MIN(Inputs!$E$57,Inputs!$E$55*(1+Inputs!$E$56)^($A15/12))*Inputs!$E$58*(1+Inputs!$E$59)^($A15/12)/Inputs!$E$45 -> 0.55593325 | E15: =MAX(Inputs!$E$44,MIN(C15,D15)) -> 0.40833333 | F15: =IF(Inputs!$E$50<=0,Inputs!$E$49,Inputs!$E$48+(Inputs!$E$49-Inputs!$E$48)*MIN($A15/Inputs!$E$50,1)) -> 0.047777778 | G15: =(Inputs!$E$41*(1-E15*Inputs!$E$51)+Inputs!$E$42*(1-F15*Inputs!$E$51))/(Inputs!$E$41*(1-Inputs!$E$44*Inputs!$E$51)+Inputs!$E$42*(1-Inputs!$E$48*Inputs!$E$51)) -> 0.94250986 | H15: =IF(Inputs!$E$53<=0,Inputs!$E$52,Inputs!$E$52*MIN($A15/Inputs!$E$53,1)) -> 0.020833333 | I15: =IF(Inputs!$E$64<=0,Inputs!$E$63,Inputs!$E$62+(Inputs!$E$63-Inputs!$E$62)*MIN($A15/Inputs!$E$64,1)) -> 0.0125 | J15: =(E15-Inputs!$E$44)*Inputs!$E$45/Inputs!$E$60*Inputs!$E$61 -> 2500 | K15: =IF(D15<C15,1,0) -> 0 | M15: =MAX(0,MIN(Inputs!$B$36,R14,N15+O15+P15+Inputs!$B$6-Q14)) -> 22000 | N15: =Inputs!$B$27*(1+Inputs!$B$28)^($A15/12)*IF(Inputs!$B$70=1,$G15,1)*(1-Inputs!$C$70*$H15*(1-Inputs!$E$54*Inputs!$B$70))*(1+$I15)*IF(Inputs!$B$29=0,1,(MAX(Q14,0)/Inputs!$B$6)^Inputs!$B$29) -> 15817.726 | O15: =Inputs!$B$32*Q14/Inputs!$B$6 -> 9899.0793 | P15: =Inputs!$B$33 -> 2500 | Q15: =MAX(Q14+M15-N15-O15-P15,0) -> 617058.56 | R15: =R14-M15 -> 151250 | S15: =Inputs!$B$19*(1-Inputs!$C$70*$H15)+Inputs!$B$21+Inputs!$B$70*$J15 -> 595000 | T15: =Q15-S15 -> 22058.556 | U15: =IF(T15<0,1,0) -> 0 | V15: =MAX(0,MIN(Inputs!$C$36,AA14,W15+X15+Y15+Inputs!$C$6-Z14)) -> 21406.25 | W15: =Inputs!$C$27*(1+Inputs!$C$28)^($A15/12)*IF(Inputs!$B$70=1,$G15,1)*(1-Inputs!$C$70*$H15*(1-Inputs!$E$54*Inputs!$B$70))*(1+$I15)*IF(Inputs!$C$29=0,1,(MAX(Z14,0)/Inputs!$C$6)^Inputs!$C$29) -> 12656.25 | X15: =Inputs!$C$32*Z14/Inputs!$C$6 -> 6750 | Y15: =Inputs!$C$33 -> 2000 | Z15: =MAX(Z14+V15-W15-X15-Y15,0) -> 800000 | AA15: =AA14-V15 -> 380640.62 | AB15: =Inputs!$C$19*(1-Inputs!$C$70*$H15)+Inputs!$C$21+Inputs!$B$70*$J15 -> 495000 | AC15: =Z15-AB15 -> 305000 | AD15: =IF(AC15<0,1,0) -> 0 | AE15: =MAX(0,MIN(Inputs!$D$36,AJ14,AF15+AG15+AH15+Inputs!$D$6-AI14)) -> 15401.332 | AF15: =Inputs!$D$27*(1+Inputs!$D$28)^($A15/12)*IF(Inputs!$B$70=1,$G15,1)*(1-Inputs!$C$70*$H15*(1-Inputs!$E$54*Inputs!$B$70))*(1+$I15)*IF(Inputs!$D$29=0,1,(MAX(AI14,0)/Inputs!$D$6)^Inputs!$D$29) -> 9701.3321 | AG15: =Inputs!$D$32*AI14/Inputs!$D$6 -> 4200 | AH15: =Inputs!$D$33 -> 1500 | AI15: =MAX(AI14+AE15-AF15-AG15-AH15,0) -> 880000 | AJ15: =AJ14-AE15 -> 754648.89 | AK15: =Inputs!$D$19*(1-Inputs!$C$70*$H15)+Inputs!$D$21+Inputs!$B$70*$J15 -> 404800 | AL15: =AI15-AK15 -> 475200 | AM15: =IF(AL15<0,1,0) -> 0 | AN15: =MAX(0,MIN(Inputs!$B$36,AS14,AO15+AP15+AQ15+Inputs!$B$6-AR14)) -> 22000 | AO15: =Inputs!$B$27*(1+Inputs!$B$28)^($A15/12)*IF(Inputs!$B$71=1,$G15,1)*(1-Inputs!$C$71*$H15*(1-Inputs!$E$54*Inputs!$B$71))*(1+$I15)*IF(Inputs!$B$29=0,1,(MAX(AR14,0)/Inputs!$B$6)^Inputs!$B$29) -> 14908.362 | AP15: =Inputs!$B$32*AR14/Inputs!$B$6 -> 9960.2234 | AQ15: =Inputs!$B$33 -> 2500 | AR15: =MAX(AR14+AN15-AO15-AP15-AQ15,0) -> 621756.59 | AS15: =AS14-AN15 -> 151250 | AT15: =Inputs!$B$19*(1-Inputs!$C$71*$H15)+Inputs!$B$21+Inputs!$B$71*$J15 -> 597500 | AU15: =AR15-AT15 -> 24256.593 | AV15: =IF(AU15<0,1,0) -> 0 | AW15: =MAX(0,MIN(Inputs!$C$36,BB14,AX15+AY15+AZ15+Inputs!$C$6-BA14)) -> 20678.64 | AX15: =Inputs!$C$27*(1+Inputs!$C$28)^($A15/12)*IF(Inputs!$B$71=1,$G15,1)*(1-Inputs!$C$71*$H15*(1-Inputs!$E$54*Inputs!$B$71))*(1+$I15)*IF(Inputs!$C$29=0,1,(MAX(BA14,0)/Inputs!$C$6)^Inputs!$C$29) -> 11928.64 | AY15: =Inputs!$C$32*BA14/Inputs!$C$6 -> 6750 | AZ15: =Inputs!$C$33 -> 2000 | BA15: =MAX(BA14+AW15-AX15-AY15-AZ15,0) -> 800000 | BB15: =BB14-AW15 -> 384627.66 | BC15: =Inputs!$C$19*(1-Inputs!$C$71*$H15)+Inputs!$C$21+Inputs!$B$71*$J15 -> 497500 | BD15: =BA15-BC15 -> 302500 | BE15: =IF(BD15<0,1,0) -> 0 | BF15: =MAX(0,MIN(Inputs!$D$36,BK14,BG15+BH15+BI15+Inputs!$D$6-BJ14)) -> 14843.601 | BG15: =Inputs!$D$27*(1+Inputs!$D$28)^($A15/12)*IF(Inputs!$B$71=1,$G15,1)*(1-Inputs!$C$71*$H15*(1-Inputs!$E$54*Inputs!$B$71))*(1+$I15)*IF(Inputs!$D$29=0,1,(MAX(BJ14,0)/Inputs!$D$6)^Inputs!$D$29) -> 9143.6011 | BH15: =Inputs!$D$32*BJ14/Inputs!$D$6 -> 4200 | BI15: =Inputs!$D$33 -> 1500 | BJ15: =MAX(BJ14+BF15-BG15-BH15-BI15,0) -> 880000 | BK15: =BK14-BF15 -> 757744.56 | BL15: =Inputs!$D$19*(1-Inputs!$C$71*$H15)+Inputs!$D$21+Inputs!$B$71*$J15 -> 407300 | BM15: =BJ15-BL15 -> 472700 | BN15: =IF(BM15<0,1,0) -> 0 | BO15: =MAX(0,MIN(Inputs!$B$36,BT14,BP15+BQ15+BR15+Inputs!$B$6-BS14)) -> 22000 | BP15: =Inputs!$B$27*(1+Inputs!$B$28)^($A15/12)*IF(Inputs!$B$72=1,$G15,1)*(1-Inputs!$C$72*$H15*(1-Inputs!$E$54*Inputs!$B$72))*(1+$I15)*IF(Inputs!$B$29=0,1,(MAX(BS14,0)/Inputs!$B$6)^Inputs!$B$29) -> 15488.19 | BQ15: =Inputs!$B$32*BS14/Inputs!$B$6 -> 9921.2367 | BR15: =Inputs!$B$33 -> 2500 | BS15: =MAX(BS14+BO15-BP15-BQ15-BR15,0) -> 618761.04 | BT15: =BT14-BO15 -> 151250 | BU15: =Inputs!$B$19*(1-Inputs!$C$72*$H15)+Inputs!$B$21+Inputs!$B$72*$J15 -> 591354.17 | BV15: =BS15-BU15 -> 27406.869 | BW15: =IF(BV15<0,1,0) -> 0 | BX15: =MAX(0,MIN(Inputs!$C$36,CC14,BY15+BZ15+CA15+Inputs!$C$6-CB14)) -> 21142.578 | BY15: =Inputs!$C$27*(1+Inputs!$C$28)^($A15/12)*IF(Inputs!$B$72=1,$G15,1)*(1-Inputs!$C$72*$H15*(1-Inputs!$E$54*Inputs!$B$72))*(1+$I15)*IF(Inputs!$C$29=0,1,(MAX(CB14,0)/Inputs!$C$6)^Inputs!$C$29) -> 12392.578 | BZ15: =Inputs!$C$32*CB14/Inputs!$C$6 -> 6750 | CA15: =Inputs!$C$33 -> 2000 | CB15: =MAX(CB14+BX15-BY15-BZ15-CA15,0) -> 800000 | CC15: =CC14-BX15 -> 382085.45 | CD15: =Inputs!$C$19*(1-Inputs!$C$72*$H15)+Inputs!$C$21+Inputs!$B$72*$J15 -> 491875 | CE15: =CB15-CD15 -> 308125 | CF15: =IF(CE15<0,1,0) -> 0 | CG15: =MAX(0,MIN(Inputs!$D$36,CL14,CH15+CI15+CJ15+Inputs!$D$6-CK14)) -> 15199.221 | CH15: =Inputs!$D$27*(1+Inputs!$D$28)^($A15/12)*IF(Inputs!$B$72=1,$G15,1)*(1-Inputs!$C$72*$H15*(1-Inputs!$E$54*Inputs!$B$72))*(1+$I15)*IF(Inputs!$D$29=0,1,(MAX(CK14,0)/Inputs!$D$6)^Inputs!$D$29) -> 9499.221 | CI15: =Inputs!$D$32*CK14/Inputs!$D$6 -> 4200 | CJ15: =Inputs!$D$33 -> 1500 | CK15: =MAX(CK14+CG15-CH15-CI15-CJ15,0) -> 880000 | CL15: =CL14-CG15 -> 755770.7 | CM15: =Inputs!$D$19*(1-Inputs!$C$72*$H15)+Inputs!$D$21+Inputs!$B$72*$J15 -> 402164.58 | CN15: =CK15-CM15 -> 477835.42 | CO15: =IF(CN15<0,1,0) -> 0 | CP15: =MAX(0,MIN(Inputs!$B$36,CU14,CQ15+CR15+CS15+Inputs!$B$6-CT14)) -> 22000 | CQ15: =Inputs!$B$27*(1+Inputs!$B$28)^($A15/12)*IF(Inputs!$B$73=1,$G15,1)*(1-Inputs!$C$73*$H15*(1-Inputs!$E$54*Inputs!$B$73))*(1+$I15)*IF(Inputs!$B$29=0,1,(MAX(CT14,0)/Inputs!$B$6)^Inputs!$B$29) -> 14753.067 | CR15: =Inputs!$B$32*CT14/Inputs!$B$6 -> 9970.8922 | CS15: =Inputs!$B$33 -> 2500 | CT15: =MAX(CT14+CP15-CQ15-CR15-CS15,0) -> 622572.96 | CU15: =CU14-CP15 -> 151250 | CV15: =Inputs!$B$19*(1-Inputs!$C$73*$H15)+Inputs!$B$21+Inputs!$B$73*$J15 -> 593854.17 | CW15: =CT15-CV15 -> 28718.793 | CX15: =IF(CW15<0,1,0) -> 0 | CY15: =MAX(0,MIN(Inputs!$C$36,DD14,CZ15+DA15+DB15+Inputs!$C$6-DC14)) -> 20554.384 | CZ15: =Inputs!$C$27*(1+Inputs!$C$28)^($A15/12)*IF(Inputs!$B$73=1,$G15,1)*(1-Inputs!$C$73*$H15*(1-Inputs!$E$54*Inputs!$B$73))*(1+$I15)*IF(Inputs!$C$29=0,1,(MAX(DC14,0)/Inputs!$C$6)^Inputs!$C$29) -> 11804.384 | DA15: =Inputs!$C$32*DC14/Inputs!$C$6 -> 6750 | DB15: =Inputs!$C$33 -> 2000 | DC15: =MAX(DC14+CY15-CZ15-DA15-DB15,0) -> 800000 | DD15: =DD14-CY15 -> 385320.97 | DE15: =Inputs!$C$19*(1-Inputs!$C$73*$H15)+Inputs!$C$21+Inputs!$B$73*$J15 -> 494375 | DF15: =DC15-DE15 -> 305625 | DG15: =IF(DF15<0,1,0) -> 0 | DH15: =MAX(0,MIN(Inputs!$D$36,DM14,DI15+DJ15+DK15+Inputs!$D$6-DL14)) -> 14748.355 | DI15: =Inputs!$D$27*(1+Inputs!$D$28)^($A15/12)*IF(Inputs!$B$73=1,$G15,1)*(1-Inputs!$C$73*$H15*(1-Inputs!$E$54*Inputs!$B$73))*(1+$I15)*IF(Inputs!$D$29=0,1,(MAX(DL14,0)/Inputs!$D$6)^Inputs!$D$29) -> 9048.3552 | DJ15: =Inputs!$D$32*DL14/Inputs!$D$6 -> 4200 | DK15: =Inputs!$D$33 -> 1500 | DL15: =MAX(DL14+DH15-DI15-DJ15-DK15,0) -> 880000 | DM15: =DM14-DH15 -> 758282.96 | DN15: =Inputs!$D$19*(1-Inputs!$C$73*$H15)+Inputs!$D$21+Inputs!$B$73*$J15 -> 404664.58 | DO15: =DL15-DN15 -> 475335.42 | DP15: =IF(DO15<0,1,0) -> 0
A16: 11 | B16: =EDATE(Inputs!$B$67,$A16) -> 46600 | C16: =IF(Inputs!$E$47<=0,Inputs!$E$46,Inputs!$E$44+(Inputs!$E$46-Inputs!$E$44)*MIN($A16/Inputs!$E$47,1)) -> 0.42916667 | D16: =MIN(Inputs!$E$57,Inputs!$E$55*(1+Inputs!$E$56)^($A16/12))*Inputs!$E$58*(1+Inputs!$E$59)^($A16/12)/Inputs!$E$45 -> 0.57174186 | E16: =MAX(Inputs!$E$44,MIN(C16,D16)) -> 0.42916667 | F16: =IF(Inputs!$E$50<=0,Inputs!$E$49,Inputs!$E$48+(Inputs!$E$49-Inputs!$E$48)*MIN($A16/Inputs!$E$50,1)) -> 0.050555556 | G16: =(Inputs!$E$41*(1-E16*Inputs!$E$51)+Inputs!$E$42*(1-F16*Inputs!$E$51))/(Inputs!$E$41*(1-Inputs!$E$44*Inputs!$E$51)+Inputs!$E$42*(1-Inputs!$E$48*Inputs!$E$51)) -> 0.93676084 | H16: =IF(Inputs!$E$53<=0,Inputs!$E$52,Inputs!$E$52*MIN($A16/Inputs!$E$53,1)) -> 0.022916667 | I16: =IF(Inputs!$E$64<=0,Inputs!$E$63,Inputs!$E$62+(Inputs!$E$63-Inputs!$E$62)*MIN($A16/Inputs!$E$64,1)) -> 0.01375 | J16: =(E16-Inputs!$E$44)*Inputs!$E$45/Inputs!$E$60*Inputs!$E$61 -> 2750 | K16: =IF(D16<C16,1,0) -> 0 | M16: =MAX(0,MIN(Inputs!$B$36,R15,N16+O16+P16+Inputs!$B$6-Q15)) -> 22000 | N16: =Inputs!$B$27*(1+Inputs!$B$28)^($A16/12)*IF(Inputs!$B$70=1,$G16,1)*(1-Inputs!$C$70*$H16*(1-Inputs!$E$54*Inputs!$B$70))*(1+$I16)*IF(Inputs!$B$29=0,1,(MAX(Q15,0)/Inputs!$B$6)^Inputs!$B$29) -> 15901.777 | O16: =Inputs!$B$32*Q15/Inputs!$B$6 -> 9800.3418 | P16: =Inputs!$B$33 -> 2500 | Q16: =MAX(Q15+M16-N16-O16-P16,0) -> 610856.44 | R16: =R15-M16 -> 129250 | S16: =Inputs!$B$19*(1-Inputs!$C$70*$H16)+Inputs!$B$21+Inputs!$B$70*$J16 -> 595000 | T16: =Q16-S16 -> 15856.438 | U16: =IF(T16<0,1,0) -> 0 | V16: =MAX(0,MIN(Inputs!$C$36,AA15,W16+X16+Y16+Inputs!$C$6-Z15)) -> 21421.875 | W16: =Inputs!$C$27*(1+Inputs!$C$28)^($A16/12)*IF(Inputs!$B$70=1,$G16,1)*(1-Inputs!$C$70*$H16*(1-Inputs!$E$54*Inputs!$B$70))*(1+$I16)*IF(Inputs!$C$29=0,1,(MAX(Z15,0)/Inputs!$C$6)^Inputs!$C$29) -> 12671.875 | X16: =Inputs!$C$32*Z15/Inputs!$C$6 -> 6750 | Y16: =Inputs!$C$33 -> 2000 | Z16: =MAX(Z15+V16-W16-X16-Y16,0) -> 800000 | AA16: =AA15-V16 -> 359218.75 | AB16: =Inputs!$C$19*(1-Inputs!$C$70*$H16)+Inputs!$C$21+Inputs!$B$70*$J16 -> 495000 | AC16: =Z16-AB16 -> 305000 | AD16: =IF(AC16<0,1,0) -> 0 | AE16: =MAX(0,MIN(Inputs!$D$36,AJ15,AF16+AG16+AH16+Inputs!$D$6-AI15)) -> 15371.879 | AF16: =Inputs!$D$27*(1+Inputs!$D$28)^($A16/12)*IF(Inputs!$B$70=1,$G16,1)*(1-Inputs!$C$70*$H16*(1-Inputs!$E$54*Inputs!$B$70))*(1+$I16)*IF(Inputs!$D$29=0,1,(MAX(AI15,0)/Inputs!$D$6)^Inputs!$D$29) -> 9671.8786 | AG16: =Inputs!$D$32*AI15/Inputs!$D$6 -> 4200 | AH16: =Inputs!$D$33 -> 1500 | AI16: =MAX(AI15+AE16-AF16-AG16-AH16,0) -> 880000 | AJ16: =AJ15-AE16 -> 739277.01 | AK16: =Inputs!$D$19*(1-Inputs!$C$70*$H16)+Inputs!$D$21+Inputs!$B$70*$J16 -> 404800 | AL16: =AI16-AK16 -> 475200 | AM16: =IF(AL16<0,1,0) -> 0 | AN16: =MAX(0,MIN(Inputs!$B$36,AS15,AO16+AP16+AQ16+Inputs!$B$6-AR15)) -> 22000 | AO16: =Inputs!$B$27*(1+Inputs!$B$28)^($A16/12)*IF(Inputs!$B$71=1,$G16,1)*(1-Inputs!$C$71*$H16*(1-Inputs!$E$54*Inputs!$B$71))*(1+$I16)*IF(Inputs!$B$29=0,1,(MAX(AR15,0)/Inputs!$B$6)^Inputs!$B$29) -> 14896.162 | AP16: =Inputs!$B$32*AR15/Inputs!$B$6 -> 9874.9577 | AQ16: =Inputs!$B$33 -> 2500 | AR16: =MAX(AR15+AN16-AO16-AP16-AQ16,0) -> 616485.47 | AS16: =AS15-AN16 -> 129250 | AT16: =Inputs!$B$19*(1-Inputs!$C$71*$H16)+Inputs!$B$21+Inputs!$B$71*$J16 -> 597750 | AU16: =AR16-AT16 -> 18735.474 | AV16: =IF(AU16<0,1,0) -> 0 | AW16: =MAX(0,MIN(Inputs!$C$36,BB15,AX16+AY16+AZ16+Inputs!$C$6-BA15)) -> 20620.516 | AX16: =Inputs!$C$27*(1+Inputs!$C$28)^($A16/12)*IF(Inputs!$B$71=1,$G16,1)*(1-Inputs!$C$71*$H16*(1-Inputs!$E$54*Inputs!$B$71))*(1+$I16)*IF(Inputs!$C$29=0,1,(MAX(BA15,0)/Inputs!$C$6)^Inputs!$C$29) -> 11870.516 | AY16: =Inputs!$C$32*BA15/Inputs!$C$6 -> 6750 | AZ16: =Inputs!$C$33 -> 2000 | BA16: =MAX(BA15+AW16-AX16-AY16-AZ16,0) -> 800000 | BB16: =BB15-AW16 -> 364007.14 | BC16: =Inputs!$C$19*(1-Inputs!$C$71*$H16)+Inputs!$C$21+Inputs!$B$71*$J16 -> 497750 | BD16: =BA16-BC16 -> 302250 | BE16: =IF(BD16<0,1,0) -> 0 | BF16: =MAX(0,MIN(Inputs!$D$36,BK15,BG16+BH16+BI16+Inputs!$D$6-BJ15)) -> 14760.237 | BG16: =Inputs!$D$27*(1+Inputs!$D$28)^($A16/12)*IF(Inputs!$B$71=1,$G16,1)*(1-Inputs!$C$71*$H16*(1-Inputs!$E$54*Inputs!$B$71))*(1+$I16)*IF(Inputs!$D$29=0,1,(MAX(BJ15,0)/Inputs!$D$6)^Inputs!$D$29) -> 9060.2372 | BH16: =Inputs!$D$32*BJ15/Inputs!$D$6 -> 4200 | BI16: =Inputs!$D$33 -> 1500 | BJ16: =MAX(BJ15+BF16-BG16-BH16-BI16,0) -> 880000 | BK16: =BK15-BF16 -> 742984.33 | BL16: =Inputs!$D$19*(1-Inputs!$C$71*$H16)+Inputs!$D$21+Inputs!$B$71*$J16 -> 407550 | BM16: =BJ16-BL16 -> 472450 | BN16: =IF(BM16<0,1,0) -> 0 | BO16: =MAX(0,MIN(Inputs!$B$36,BT15,BP16+BQ16+BR16+Inputs!$B$6-BS15)) -> 22000 | BP16: =Inputs!$B$27*(1+Inputs!$B$28)^($A16/12)*IF(Inputs!$B$72=1,$G16,1)*(1-Inputs!$C$72*$H16*(1-Inputs!$E$54*Inputs!$B$72))*(1+$I16)*IF(Inputs!$B$29=0,1,(MAX(BS15,0)/Inputs!$B$6)^Inputs!$B$29) -> 15537.361 | BQ16: =Inputs!$B$32*BS15/Inputs!$B$6 -> 9827.3811 | BR16: =Inputs!$B$33 -> 2500 | BS16: =MAX(BS15+BO16-BP16-BQ16-BR16,0) -> 612896.29 | BT16: =BT15-BO16 -> 129250 | BU16: =Inputs!$B$19*(1-Inputs!$C$72*$H16)+Inputs!$B$21+Inputs!$B$72*$J16 -> 590989.58 | BV16: =BS16-BU16 -> 21906.71 | BW16: =IF(BV16<0,1,0) -> 0 | BX16: =MAX(0,MIN(Inputs!$C$36,CC15,BY16+BZ16+CA16+Inputs!$C$6-CB15)) -> 21131.478 | BY16: =Inputs!$C$27*(1+Inputs!$C$28)^($A16/12)*IF(Inputs!$B$72=1,$G16,1)*(1-Inputs!$C$72*$H16*(1-Inputs!$E$54*Inputs!$B$72))*(1+$I16)*IF(Inputs!$C$29=0,1,(MAX(CB15,0)/Inputs!$C$6)^Inputs!$C$29) -> 12381.478 | BZ16: =Inputs!$C$32*CB15/Inputs!$C$6 -> 6750 | CA16: =Inputs!$C$33 -> 2000 | CB16: =MAX(CB15+BX16-BY16-BZ16-CA16,0) -> 800000 | CC16: =CC15-BX16 -> 360953.97 | CD16: =Inputs!$C$19*(1-Inputs!$C$72*$H16)+Inputs!$C$21+Inputs!$B$72*$J16 -> 491562.5 | CE16: =CB16-CD16 -> 308437.5 | CF16: =IF(CE16<0,1,0) -> 0 | CG16: =MAX(0,MIN(Inputs!$D$36,CL15,CH16+CI16+CJ16+Inputs!$D$6-CK15)) -> 15150.231 | CH16: =Inputs!$D$27*(1+Inputs!$D$28)^($A16/12)*IF(Inputs!$B$72=1,$G16,1)*(1-Inputs!$C$72*$H16*(1-Inputs!$E$54*Inputs!$B$72))*(1+$I16)*IF(Inputs!$D$29=0,1,(MAX(CK15,0)/Inputs!$D$6)^Inputs!$D$29) -> 9450.2314 | CI16: =Inputs!$D$32*CK15/Inputs!$D$6 -> 4200 | CJ16: =Inputs!$D$33 -> 1500 | CK16: =MAX(CK15+CG16-CH16-CI16-CJ16,0) -> 880000 | CL16: =CL15-CG16 -> 740620.47 | CM16: =Inputs!$D$19*(1-Inputs!$C$72*$H16)+Inputs!$D$21+Inputs!$B$72*$J16 -> 401901.04 | CN16: =CK16-CM16 -> 478098.96 | CO16: =IF(CN16<0,1,0) -> 0 | CP16: =MAX(0,MIN(Inputs!$B$36,CU15,CQ16+CR16+CS16+Inputs!$B$6-CT15)) -> 22000 | CQ16: =Inputs!$B$27*(1+Inputs!$B$28)^($A16/12)*IF(Inputs!$B$73=1,$G16,1)*(1-Inputs!$C$73*$H16*(1-Inputs!$E$54*Inputs!$B$73))*(1+$I16)*IF(Inputs!$B$29=0,1,(MAX(CT15,0)/Inputs!$B$6)^Inputs!$B$29) -> 14725.477 | CR16: =Inputs!$B$32*CT15/Inputs!$B$6 -> 9887.9235 | CS16: =Inputs!$B$33 -> 2500 | CT16: =MAX(CT15+CP16-CQ16-CR16-CS16,0) -> 617459.56 | CU16: =CU15-CP16 -> 129250 | CV16: =Inputs!$B$19*(1-Inputs!$C$73*$H16)+Inputs!$B$21+Inputs!$B$73*$J16 -> 593739.58 | CW16: =CT16-CV16 -> 23719.976 | CX16: =IF(CW16<0,1,0) -> 0 | CY16: =MAX(0,MIN(Inputs!$C$36,DD15,CZ16+DA16+DB16+Inputs!$C$6-DC15)) -> 20484.5 | CZ16: =Inputs!$C$27*(1+Inputs!$C$28)^($A16/12)*IF(Inputs!$B$73=1,$G16,1)*(1-Inputs!$C$73*$H16*(1-Inputs!$E$54*Inputs!$B$73))*(1+$I16)*IF(Inputs!$C$29=0,1,(MAX(DC15,0)/Inputs!$C$6)^Inputs!$C$29) -> 11734.5 | DA16: =Inputs!$C$32*DC15/Inputs!$C$6 -> 6750 | DB16: =Inputs!$C$33 -> 2000 | DC16: =MAX(DC15+CY16-CZ16-DA16-DB16,0) -> 800000 | DD16: =DD15-CY16 -> 364836.47 | DE16: =Inputs!$C$19*(1-Inputs!$C$73*$H16)+Inputs!$C$21+Inputs!$B$73*$J16 -> 494312.5 | DF16: =DC16-DE16 -> 305687.5 | DG16: =IF(DF16<0,1,0) -> 0 | DH16: =MAX(0,MIN(Inputs!$D$36,DM15,DI16+DJ16+DK16+Inputs!$D$6-DL15)) -> 14656.422 | DI16: =Inputs!$D$27*(1+Inputs!$D$28)^($A16/12)*IF(Inputs!$B$73=1,$G16,1)*(1-Inputs!$C$73*$H16*(1-Inputs!$E$54*Inputs!$B$73))*(1+$I16)*IF(Inputs!$D$29=0,1,(MAX(DL15,0)/Inputs!$D$6)^Inputs!$D$29) -> 8956.422 | DJ16: =Inputs!$D$32*DL15/Inputs!$D$6 -> 4200 | DK16: =Inputs!$D$33 -> 1500 | DL16: =MAX(DL15+DH16-DI16-DJ16-DK16,0) -> 880000 | DM16: =DM15-DH16 -> 743626.53 | DN16: =Inputs!$D$19*(1-Inputs!$C$73*$H16)+Inputs!$D$21+Inputs!$B$73*$J16 -> 404651.04 | DO16: =DL16-DN16 -> 475348.96 | DP16: =IF(DO16<0,1,0) -> 0
A17: 12 | B17: =EDATE(Inputs!$B$67,$A17) -> 46631 | C17: =IF(Inputs!$E$47<=0,Inputs!$E$46,Inputs!$E$44+(Inputs!$E$46-Inputs!$E$44)*MIN($A17/Inputs!$E$47,1)) -> 0.45 | D17: =MIN(Inputs!$E$57,Inputs!$E$55*(1+Inputs!$E$56)^($A17/12))*Inputs!$E$58*(1+Inputs!$E$59)^($A17/12)/Inputs!$E$45 -> 0.588 | E17: =MAX(Inputs!$E$44,MIN(C17,D17)) -> 0.45 | F17: =IF(Inputs!$E$50<=0,Inputs!$E$49,Inputs!$E$48+(Inputs!$E$49-Inputs!$E$48)*MIN($A17/Inputs!$E$50,1)) -> 0.053333333 | G17: =(Inputs!$E$41*(1-E17*Inputs!$E$51)+Inputs!$E$42*(1-F17*Inputs!$E$51))/(Inputs!$E$41*(1-Inputs!$E$44*Inputs!$E$51)+Inputs!$E$42*(1-Inputs!$E$48*Inputs!$E$51)) -> 0.93101183 | H17: =IF(Inputs!$E$53<=0,Inputs!$E$52,Inputs!$E$52*MIN($A17/Inputs!$E$53,1)) -> 0.025 | I17: =IF(Inputs!$E$64<=0,Inputs!$E$63,Inputs!$E$62+(Inputs!$E$63-Inputs!$E$62)*MIN($A17/Inputs!$E$64,1)) -> 0.015 | J17: =(E17-Inputs!$E$44)*Inputs!$E$45/Inputs!$E$60*Inputs!$E$61 -> 3000 | K17: =IF(D17<C17,1,0) -> 0 | M17: =MAX(0,MIN(Inputs!$B$36,R16,N17+O17+P17+Inputs!$B$6-Q16)) -> 22000 | N17: =Inputs!$B$27*(1+Inputs!$B$28)^($A17/12)*IF(Inputs!$B$70=1,$G17,1)*(1-Inputs!$C$70*$H17*(1-Inputs!$E$54*Inputs!$B$70))*(1+$I17)*IF(Inputs!$B$29=0,1,(MAX(Q16,0)/Inputs!$B$6)^Inputs!$B$29) -> 15986.25 | O17: =Inputs!$B$32*Q16/Inputs!$B$6 -> 9701.8375 | P17: =Inputs!$B$33 -> 2500 | Q17: =MAX(Q16+M17-N17-O17-P17,0) -> 604668.35 | R17: =R16-M17 -> 107250 | S17: =Inputs!$B$19*(1-Inputs!$C$70*$H17)+Inputs!$B$21+Inputs!$B$70*$J17 -> 595000 | T17: =Q17-S17 -> 9668.3504 | U17: =IF(T17<0,1,0) -> 0 | V17: =MAX(0,MIN(Inputs!$C$36,AA16,W17+X17+Y17+Inputs!$C$6-Z16)) -> 21437.5 | W17: =Inputs!$C$27*(1+Inputs!$C$28)^($A17/12)*IF(Inputs!$B$70=1,$G17,1)*(1-Inputs!$C$70*$H17*(1-Inputs!$E$54*Inputs!$B$70))*(1+$I17)*IF(Inputs!$C$29=0,1,(MAX(Z16,0)/Inputs!$C$6)^Inputs!$C$29) -> 12687.5 | X17: =Inputs!$C$32*Z16/Inputs!$C$6 -> 6750 | Y17: =Inputs!$C$33 -> 2000 | Z17: =MAX(Z16+V17-W17-X17-Y17,0) -> 800000 | AA17: =AA16-V17 -> 337781.25 | AB17: =Inputs!$C$19*(1-Inputs!$C$70*$H17)+Inputs!$C$21+Inputs!$B$70*$J17 -> 495000 | AC17: =Z17-AB17 -> 305000 | AD17: =IF(AC17<0,1,0) -> 0 | AE17: =MAX(0,MIN(Inputs!$D$36,AJ16,AF17+AG17+AH17+Inputs!$D$6-AI16)) -> 15342.5 | AF17: =Inputs!$D$27*(1+Inputs!$D$28)^($A17/12)*IF(Inputs!$B$70=1,$G17,1)*(1-Inputs!$C$70*$H17*(1-Inputs!$E$54*Inputs!$B$70))*(1+$I17)*IF(Inputs!$D$29=0,1,(MAX(AI16,0)/Inputs!$D$6)^Inputs!$D$29) -> 9642.5 | AG17: =Inputs!$D$32*AI16/Inputs!$D$6 -> 4200 | AH17: =Inputs!$D$33 -> 1500 | AI17: =MAX(AI16+AE17-AF17-AG17-AH17,0) -> 880000 | AJ17: =AJ16-AE17 -> 723934.51 | AK17: =Inputs!$D$19*(1-Inputs!$C$70*$H17)+Inputs!$D$21+Inputs!$B$70*$J17 -> 404800 | AL17: =AI17-AK17 -> 475200 | AM17: =IF(AL17<0,1,0) -> 0 | AN17: =MAX(0,MIN(Inputs!$B$36,AS16,AO17+AP17+AQ17+Inputs!$B$6-AR16)) -> 22000 | AO17: =Inputs!$B$27*(1+Inputs!$B$28)^($A17/12)*IF(Inputs!$B$71=1,$G17,1)*(1-Inputs!$C$71*$H17*(1-Inputs!$E$54*Inputs!$B$71))*(1+$I17)*IF(Inputs!$B$29=0,1,(MAX(AR16,0)/Inputs!$B$6)^Inputs!$B$29) -> 14883.388 | AP17: =Inputs!$B$32*AR16/Inputs!$B$6 -> 9791.2399 | AQ17: =Inputs!$B$33 -> 2500 | AR17: =MAX(AR16+AN17-AO17-AP17-AQ17,0) -> 611310.85 | AS17: =AS16-AN17 -> 107250 | AT17: =Inputs!$B$19*(1-Inputs!$C$71*$H17)+Inputs!$B$21+Inputs!$B$71*$J17 -> 598000 | AU17: =AR17-AT17 -> 13310.846 | AV17: =IF(AU17<0,1,0) -> 0 | AW17: =MAX(0,MIN(Inputs!$C$36,BB16,AX17+AY17+AZ17+Inputs!$C$6-BA16)) -> 20562.213 | AX17: =Inputs!$C$27*(1+Inputs!$C$28)^($A17/12)*IF(Inputs!$B$71=1,$G17,1)*(1-Inputs!$C$71*$H17*(1-Inputs!$E$54*Inputs!$B$71))*(1+$I17)*IF(Inputs!$C$29=0,1,(MAX(BA16,0)/Inputs!$C$6)^Inputs!$C$29) -> 11812.213 | AY17: =Inputs!$C$32*BA16/Inputs!$C$6 -> 6750 | AZ17: =Inputs!$C$33 -> 2000 | BA17: =MAX(BA16+AW17-AX17-AY17-AZ17,0) -> 800000 | BB17: =BB16-AW17 -> 343444.93 | BC17: =Inputs!$C$19*(1-Inputs!$C$71*$H17)+Inputs!$C$21+Inputs!$B$71*$J17 -> 498000 | BD17: =BA17-BC17 -> 302000 | BE17: =IF(BD17<0,1,0) -> 0 | BF17: =MAX(0,MIN(Inputs!$D$36,BK16,BG17+BH17+BI17+Inputs!$D$6-BJ16)) -> 14677.282 | BG17: =Inputs!$D$27*(1+Inputs!$D$28)^($A17/12)*IF(Inputs!$B$71=1,$G17,1)*(1-Inputs!$C$71*$H17*(1-Inputs!$E$54*Inputs!$B$71))*(1+$I17)*IF(Inputs!$D$29=0,1,(MAX(BJ16,0)/Inputs!$D$6)^Inputs!$D$29) -> 8977.2815 | BH17: =Inputs!$D$32*BJ16/Inputs!$D$6 -> 4200 | BI17: =Inputs!$D$33 -> 1500 | BJ17: =MAX(BJ16+BF17-BG17-BH17-BI17,0) -> 880000 | BK17: =BK16-BF17 -> 728307.05 | BL17: =Inputs!$D$19*(1-Inputs!$C$71*$H17)+Inputs!$D$21+Inputs!$B$71*$J17 -> 407800 | BM17: =BJ17-BL17 -> 472200 | BN17: =IF(BM17<0,1,0) -> 0 | BO17: =MAX(0,MIN(Inputs!$B$36,BT16,BP17+BQ17+BR17+Inputs!$B$6-BS16)) -> 22000 | BP17: =Inputs!$B$27*(1+Inputs!$B$28)^($A17/12)*IF(Inputs!$B$72=1,$G17,1)*(1-Inputs!$C$72*$H17*(1-Inputs!$E$54*Inputs!$B$72))*(1+$I17)*IF(Inputs!$B$29=0,1,(MAX(BS16,0)/Inputs!$B$6)^Inputs!$B$29) -> 15586.594 | BQ17: =Inputs!$B$32*BS16/Inputs!$B$6 -> 9734.2352 | BR17: =Inputs!$B$33 -> 2500 | BS17: =MAX(BS16+BO17-BP17-BQ17-BR17,0) -> 607075.46 | BT17: =BT16-BO17 -> 107250 | BU17: =Inputs!$B$19*(1-Inputs!$C$72*$H17)+Inputs!$B$21+Inputs!$B$72*$J17 -> 590625 | BV17: =BS17-BU17 -> 16450.464 | BW17: =IF(BV17<0,1,0) -> 0 | BX17: =MAX(0,MIN(Inputs!$C$36,CC16,BY17+BZ17+CA17+Inputs!$C$6-CB16)) -> 21120.312 | BY17: =Inputs!$C$27*(1+Inputs!$C$28)^($A17/12)*IF(Inputs!$B$72=1,$G17,1)*(1-Inputs!$C$72*$H17*(1-Inputs!$E$54*Inputs!$B$72))*(1+$I17)*IF(Inputs!$C$29=0,1,(MAX(CB16,0)/Inputs!$C$6)^Inputs!$C$29) -> 12370.312 | BZ17: =Inputs!$C$32*CB16/Inputs!$C$6 -> 6750 | CA17: =Inputs!$C$33 -> 2000 | CB17: =MAX(CB16+BX17-BY17-BZ17-CA17,0) -> 800000 | CC17: =CC16-BX17 -> 339833.66 | CD17: =Inputs!$C$19*(1-Inputs!$C$72*$H17)+Inputs!$C$21+Inputs!$B$72*$J17 -> 491250 | CE17: =CB17-CD17 -> 308750 | CF17: =IF(CE17<0,1,0) -> 0 | CG17: =MAX(0,MIN(Inputs!$D$36,CL16,CH17+CI17+CJ17+Inputs!$D$6-CK16)) -> 15101.438 | CH17: =Inputs!$D$27*(1+Inputs!$D$28)^($A17/12)*IF(Inputs!$B$72=1,$G17,1)*(1-Inputs!$C$72*$H17*(1-Inputs!$E$54*Inputs!$B$72))*(1+$I17)*IF(Inputs!$D$29=0,1,(MAX(CK16,0)/Inputs!$D$6)^Inputs!$D$29) -> 9401.4375 | CI17: =Inputs!$D$32*CK16/Inputs!$D$6 -> 4200 | CJ17: =Inputs!$D$33 -> 1500 | CK17: =MAX(CK16+CG17-CH17-CI17-CJ17,0) -> 880000 | CL17: =CL16-CG17 -> 725519.03 | CM17: =Inputs!$D$19*(1-Inputs!$C$72*$H17)+Inputs!$D$21+Inputs!$B$72*$J17 -> 401637.5 | CN17: =CK17-CM17 -> 478362.5 | CO17: =IF(CN17<0,1,0) -> 0 | CP17: =MAX(0,MIN(Inputs!$B$36,CU16,CQ17+CR17+CS17+Inputs!$B$6-CT16)) -> 22000 | CQ17: =Inputs!$B$27*(1+Inputs!$B$28)^($A17/12)*IF(Inputs!$B$73=1,$G17,1)*(1-Inputs!$C$73*$H17*(1-Inputs!$E$54*Inputs!$B$73))*(1+$I17)*IF(Inputs!$B$29=0,1,(MAX(CT16,0)/Inputs!$B$6)^Inputs!$B$29) -> 14697.345 | CR17: =Inputs!$B$32*CT16/Inputs!$B$6 -> 9806.7107 | CS17: =Inputs!$B$33 -> 2500 | CT17: =MAX(CT16+CP17-CQ17-CR17-CS17,0) -> 612455.5 | CU17: =CU16-CP17 -> 107250 | CV17: =Inputs!$B$19*(1-Inputs!$C$73*$H17)+Inputs!$B$21+Inputs!$B$73*$J17 -> 593625 | CW17: =CT17-CV17 -> 18830.503 | CX17: =IF(CW17<0,1,0) -> 0 | CY17: =MAX(0,MIN(Inputs!$C$36,DD16,CZ17+DA17+DB17+Inputs!$C$6-DC16)) -> 20414.56 | CZ17: =Inputs!$C$27*(1+Inputs!$C$28)^($A17/12)*IF(Inputs!$B$73=1,$G17,1)*(1-Inputs!$C$73*$H17*(1-Inputs!$E$54*Inputs!$B$73))*(1+$I17)*IF(Inputs!$C$29=0,1,(MAX(DC16,0)/Inputs!$C$6)^Inputs!$C$29) -> 11664.56 | DA17: =Inputs!$C$32*DC16/Inputs!$C$6 -> 6750 | DB17: =Inputs!$C$33 -> 2000 | DC17: =MAX(DC16+CY17-CZ17-DA17-DB17,0) -> 800000 | DD17: =DD16-CY17 -> 344421.91 | DE17: =Inputs!$C$19*(1-Inputs!$C$73*$H17)+Inputs!$C$21+Inputs!$B$73*$J17 -> 494250 | DF17: =DC17-DE17 -> 305750 | DG17: =IF(DF17<0,1,0) -> 0 | DH17: =MAX(0,MIN(Inputs!$D$36,DM16,DI17+DJ17+DK17+Inputs!$D$6-DL16)) -> 14565.066 | DI17: =Inputs!$D$27*(1+Inputs!$D$28)^($A17/12)*IF(Inputs!$B$73=1,$G17,1)*(1-Inputs!$C$73*$H17*(1-Inputs!$E$54*Inputs!$B$73))*(1+$I17)*IF(Inputs!$D$29=0,1,(MAX(DL16,0)/Inputs!$D$6)^Inputs!$D$29) -> 8865.0655 | DJ17: =Inputs!$D$32*DL16/Inputs!$D$6 -> 4200 | DK17: =Inputs!$D$33 -> 1500 | DL17: =MAX(DL16+DH17-DI17-DJ17-DK17,0) -> 880000 | DM17: =DM16-DH17 -> 729061.47 | DN17: =Inputs!$D$19*(1-Inputs!$C$73*$H17)+Inputs!$D$21+Inputs!$B$73*$J17 -> 404637.5 | DO17: =DL17-DN17 -> 475362.5 | DP17: =IF(DO17<0,1,0) -> 0
... A245: 240 | B245: =EDATE(Inputs!$B$67,$A245) -> 53571 | C245: =IF(Inputs!$E$47<=0,Inputs!$E$46,Inputs!$E$44+(Inputs!$E$46-Inputs!$E$44)*MIN($A245/Inputs!$E$47,1)) -> 0.7 | D245: =MIN(Inputs!$E$57,Inputs!$E$55*(1+Inputs!$E$56)^($A245/12))*Inputs!$E$58*(1+Inputs!$E$59)^($A245/12)/Inputs!$E$45 -> 1.5 | E245: =MAX(Inputs!$E$44,MIN(C245,D245)) -> 0.7 | F245: =IF(Inputs!$E$50<=0,Inputs!$E$49,Inputs!$E$48+(Inputs!$E$49-Inputs!$E$48)*MIN($A245/Inputs!$E$50,1)) -> 0.12 | G245: =(Inputs!$E$41*(1-E245*Inputs!$E$51)+Inputs!$E$42*(1-F245*Inputs!$E$51))/(Inputs!$E$41*(1-Inputs!$E$44*Inputs!$E$51)+Inputs!$E$42*(1-Inputs!$E$48*Inputs!$E$51)) -> 0.84231275 | H245: =IF(Inputs!$E$53<=0,Inputs!$E$52,Inputs!$E$52*MIN($A245/Inputs!$E$53,1)) -> 0.1 | I245: =IF(Inputs!$E$64<=0,Inputs!$E$63,Inputs!$E$62+(Inputs!$E$63-Inputs!$E$62)*MIN($A245/Inputs!$E$64,1)) -> 0.03 | J245: =(E245-Inputs!$E$44)*Inputs!$E$45/Inputs!$E$60*Inputs!$E$61 -> 6000 | K245: =IF(D245<C245,1,0) -> 0 | M245: =MAX(0,MIN(Inputs!$B$36,R244,N245+O245+P245+Inputs!$B$6-Q244)) -> 0 | N245: =Inputs!$B$27*(1+Inputs!$B$28)^($A245/12)*IF(Inputs!$B$70=1,$G245,1)*(1-Inputs!$C$70*$H245*(1-Inputs!$E$54*Inputs!$B$70))*(1+$I245)*IF(Inputs!$B$29=0,1,(MAX(Q244,0)/Inputs!$B$6)^Inputs!$B$29) -> 40993.45 | O245: =Inputs!$B$32*Q244/Inputs!$B$6 -> 0 | P245: =Inputs!$B$33 -> 2500 | Q245: =MAX(Q244+M245-N245-O245-P245,0) -> 0 | R245: =R244-M245 -> 0 | S245: =Inputs!$B$19*(1-Inputs!$C$70*$H245)+Inputs!$B$21+Inputs!$B$70*$J245 -> 595000 | T245: =Q245-S245 -> -595000 | U245: =IF(T245<0,1,0) -> 1 | V245: =MAX(0,MIN(Inputs!$C$36,AA244,W245+X245+Y245+Inputs!$C$6-Z244)) -> 0 | W245: =Inputs!$C$27*(1+Inputs!$C$28)^($A245/12)*IF(Inputs!$B$70=1,$G245,1)*(1-Inputs!$C$70*$H245*(1-Inputs!$E$54*Inputs!$B$70))*(1+$I245)*IF(Inputs!$C$29=0,1,(MAX(Z244,0)/Inputs!$C$6)^Inputs!$C$29) -> 0 | X245: =Inputs!$C$32*Z244/Inputs!$C$6 -> 0 | Y245: =Inputs!$C$33 -> 2000 | Z245: =MAX(Z244+V245-W245-X245-Y245,0) -> 0 | AA245: =AA244-V245 -> 0 | AB245: =Inputs!$C$19*(1-Inputs!$C$70*$H245)+Inputs!$C$21+Inputs!$B$70*$J245 -> 495000 | AC245: =Z245-AB245 -> -495000 | AD245: =IF(AC245<0,1,0) -> 1 | AE245: =MAX(0,MIN(Inputs!$D$36,AJ244,AF245+AG245+AH245+Inputs!$D$6-AI244)) -> 0 | AF245: =Inputs!$D$27*(1+Inputs!$D$28)^($A245/12)*IF(Inputs!$B$70=1,$G245,1)*(1-Inputs!$C$70*$H245*(1-Inputs!$E$54*Inputs!$B$70))*(1+$I245)*IF(Inputs!$D$29=0,1,(MAX(AI244,0)/Inputs!$D$6)^Inputs!$D$29) -> 0 | AG245: =Inputs!$D$32*AI244/Inputs!$D$6 -> 0 | AH245: =Inputs!$D$33 -> 1500 | AI245: =MAX(AI244+AE245-AF245-AG245-AH245,0) -> 0 | AJ245: =AJ244-AE245 -> 0 | AK245: =Inputs!$D$19*(1-Inputs!$C$70*$H245)+Inputs!$D$21+Inputs!$B$70*$J245 -> 404800 | AL245: =AI245-AK245 -> -404800 | AM245: =IF(AL245<0,1,0) -> 1 | AN245: =MAX(0,MIN(Inputs!$B$36,AS244,AO245+AP245+AQ245+Inputs!$B$6-AR244)) -> 0 | AO245: =Inputs!$B$27*(1+Inputs!$B$28)^($A245/12)*IF(Inputs!$B$71=1,$G245,1)*(1-Inputs!$C$71*$H245*(1-Inputs!$E$54*Inputs!$B$71))*(1+$I245)*IF(Inputs!$B$29=0,1,(MAX(AR244,0)/Inputs!$B$6)^Inputs!$B$29) -> 34529.305 | AP245: =Inputs!$B$32*AR244/Inputs!$B$6 -> 0 | AQ245: =Inputs!$B$33 -> 2500 | AR245: =MAX(AR244+AN245-AO245-AP245-AQ245,0) -> 0 | AS245: =AS244-AN245 -> 0 | AT245: =Inputs!$B$19*(1-Inputs!$C$71*$H245)+Inputs!$B$21+Inputs!$B$71*$J245 -> 601000 | AU245: =AR245-AT245 -> -601000 | AV245: =IF(AU245<0,1,0) -> 1 | AW245: =MAX(0,MIN(Inputs!$C$36,BB244,AX245+AY245+AZ245+Inputs!$C$6-BA244)) -> 0 | AX245: =Inputs!$C$27*(1+Inputs!$C$28)^($A245/12)*IF(Inputs!$B$71=1,$G245,1)*(1-Inputs!$C$71*$H245*(1-Inputs!$E$54*Inputs!$B$71))*(1+$I245)*IF(Inputs!$C$29=0,1,(MAX(BA244,0)/Inputs!$C$6)^Inputs!$C$29) -> 0 | AY245: =Inputs!$C$32*BA244/Inputs!$C$6 -> 0 | AZ245: =Inputs!$C$33 -> 2000 | BA245: =MAX(BA244+AW245-AX245-AY245-AZ245,0) -> 0 | BB245: =BB244-AW245 -> 0 | BC245: =Inputs!$C$19*(1-Inputs!$C$71*$H245)+Inputs!$C$21+Inputs!$B$71*$J245 -> 501000 | BD245: =BA245-BC245 -> -501000 | BE245: =IF(BD245<0,1,0) -> 1 | BF245: =MAX(0,MIN(Inputs!$D$36,BK244,BG245+BH245+BI245+Inputs!$D$6-BJ244)) -> 0 | BG245: =Inputs!$D$27*(1+Inputs!$D$28)^($A245/12)*IF(Inputs!$B$71=1,$G245,1)*(1-Inputs!$C$71*$H245*(1-Inputs!$E$54*Inputs!$B$71))*(1+$I245)*IF(Inputs!$D$29=0,1,(MAX(BJ244,0)/Inputs!$D$6)^Inputs!$D$29) -> 0 | BH245: =Inputs!$D$32*BJ244/Inputs!$D$6 -> 0 | BI245: =Inputs!$D$33 -> 1500 | BJ245: =MAX(BJ244+BF245-BG245-BH245-BI245,0) -> 0 | BK245: =BK244-BF245 -> 0 | BL245: =Inputs!$D$19*(1-Inputs!$C$71*$H245)+Inputs!$D$21+Inputs!$B$71*$J245 -> 410800 | BM245: =BJ245-BL245 -> -410800 | BN245: =IF(BM245<0,1,0) -> 1 | BO245: =MAX(0,MIN(Inputs!$B$36,BT244,BP245+BQ245+BR245+Inputs!$B$6-BS244)) -> 0 | BP245: =Inputs!$B$27*(1+Inputs!$B$28)^($A245/12)*IF(Inputs!$B$72=1,$G245,1)*(1-Inputs!$C$72*$H245*(1-Inputs!$E$54*Inputs!$B$72))*(1+$I245)*IF(Inputs!$B$29=0,1,(MAX(BS244,0)/Inputs!$B$6)^Inputs!$B$29) -> 36894.105 | BQ245: =Inputs!$B$32*BS244/Inputs!$B$6 -> 0 | BR245: =Inputs!$B$33 -> 2500 | BS245: =MAX(BS244+BO245-BP245-BQ245-BR245,0) -> 0 | BT245: =BT244-BO245 -> 0 | BU245: =Inputs!$B$19*(1-Inputs!$C$72*$H245)+Inputs!$B$21+Inputs!$B$72*$J245 -> 577500 | BV245: =BS245-BU245 -> -577500 | BW245: =IF(BV245<0,1,0) -> 1 | BX245: =MAX(0,MIN(Inputs!$C$36,CC244,BY245+BZ245+CA245+Inputs!$C$6-CB244)) -> 0 | BY245: =Inputs!$C$27*(1+Inputs!$C$28)^($A245/12)*IF(Inputs!$B$72=1,$G245,1)*(1-Inputs!$C$72*$H245*(1-Inputs!$E$54*Inputs!$B$72))*(1+$I245)*IF(Inputs!$C$29=0,1,(MAX(CB244,0)/Inputs!$C$6)^Inputs!$C$29) -> 0 | BZ245: =Inputs!$C$32*CB244/Inputs!$C$6 -> 0 | CA245: =Inputs!$C$33 -> 2000 | CB245: =MAX(CB244+BX245-BY245-BZ245-CA245,0) -> 0 | CC245: =CC244-BX245 -> 0 | CD245: =Inputs!$C$19*(1-Inputs!$C$72*$H245)+Inputs!$C$21+Inputs!$B$72*$J245 -> 480000 | CE245: =CB245-CD245 -> -480000 | CF245: =IF(CE245<0,1,0) -> 1 | CG245: =MAX(0,MIN(Inputs!$D$36,CL244,CH245+CI245+CJ245+Inputs!$D$6-CK244)) -> 0 | CH245: =Inputs!$D$27*(1+Inputs!$D$28)^($A245/12)*IF(Inputs!$B$72=1,$G245,1)*(1-Inputs!$C$72*$H245*(1-Inputs!$E$54*Inputs!$B$72))*(1+$I245)*IF(Inputs!$D$29=0,1,(MAX(CK244,0)/Inputs!$D$6)^Inputs!$D$29) -> 0 | CI245: =Inputs!$D$32*CK244/Inputs!$D$6 -> 0 | CJ245: =Inputs!$D$33 -> 1500 | CK245: =MAX(CK244+CG245-CH245-CI245-CJ245,0) -> 0 | CL245: =CL244-CG245 -> 0 | CM245: =Inputs!$D$19*(1-Inputs!$C$72*$H245)+Inputs!$D$21+Inputs!$B$72*$J245 -> 392150 | CN245: =CK245-CM245 -> -392150 | CO245: =IF(CN245<0,1,0) -> 1 | CP245: =MAX(0,MIN(Inputs!$B$36,CU244,CQ245+CR245+CS245+Inputs!$B$6-CT244)) -> 0 | CQ245: =Inputs!$B$27*(1+Inputs!$B$28)^($A245/12)*IF(Inputs!$B$73=1,$G245,1)*(1-Inputs!$C$73*$H245*(1-Inputs!$E$54*Inputs!$B$73))*(1+$I245)*IF(Inputs!$B$29=0,1,(MAX(CT244,0)/Inputs!$B$6)^Inputs!$B$29) -> 32802.84 | CR245: =Inputs!$B$32*CT244/Inputs!$B$6 -> 0 | CS245: =Inputs!$B$33 -> 2500 | CT245: =MAX(CT244+CP245-CQ245-CR245-CS245,0) -> 0 | CU245: =CU244-CP245 -> 0 | CV245: =Inputs!$B$19*(1-Inputs!$C$73*$H245)+Inputs!$B$21+Inputs!$B$73*$J245 -> 583500 | CW245: =CT245-CV245 -> -583500 | CX245: =IF(CW245<0,1,0) -> 1 | CY245: =MAX(0,MIN(Inputs!$C$36,DD244,CZ245+DA245+DB245+Inputs!$C$6-DC244)) -> 0 | CZ245: =Inputs!$C$27*(1+Inputs!$C$28)^($A245/12)*IF(Inputs!$B$73=1,$G245,1)*(1-Inputs!$C$73*$H245*(1-Inputs!$E$54*Inputs!$B$73))*(1+$I245)*IF(Inputs!$C$29=0,1,(MAX(DC244,0)/Inputs!$C$6)^Inputs!$C$29) -> 0 | DA245: =Inputs!$C$32*DC244/Inputs!$C$6 -> 0 | DB245: =Inputs!$C$33 -> 2000 | DC245: =MAX(DC244+CY245-CZ245-DA245-DB245,0) -> 0 | DD245: =DD244-CY245 -> 0 | DE245: =Inputs!$C$19*(1-Inputs!$C$73*$H245)+Inputs!$C$21+Inputs!$B$73*$J245 -> 486000 | DF245: =DC245-DE245 -> -486000 | DG245: =IF(DF245<0,1,0) -> 1 | DH245: =MAX(0,MIN(Inputs!$D$36,DM244,DI245+DJ245+DK245+Inputs!$D$6-DL244)) -> 0 | DI245: =Inputs!$D$27*(1+Inputs!$D$28)^($A245/12)*IF(Inputs!$B$73=1,$G245,1)*(1-Inputs!$C$73*$H245*(1-Inputs!$E$54*Inputs!$B$73))*(1+$I245)*IF(Inputs!$D$29=0,1,(MAX(DL244,0)/Inputs!$D$6)^Inputs!$D$29) -> 0 | DJ245: =Inputs!$D$32*DL244/Inputs!$D$6 -> 0 | DK245: =Inputs!$D$33 -> 1500 | DL245: =MAX(DL244+DH245-DI245-DJ245-DK245,0) -> 0 | DM245: =DM244-DH245 -> 0 | DN245: =Inputs!$D$19*(1-Inputs!$C$73*$H245)+Inputs!$D$21+Inputs!$B$73*$J245 -> 398150 | DO245: =DL245-DN245 -> -398150 | DP245: =IF(DO245<0,1,0) -> 1

Sheet Sensitivity
A1: Sensitivity — Central scenario, steady state: loss-rate cut (s, Ch1) vs line headcount replaced (h, Ch2)
A2: Years = (Pool − (Line req × (1−h) + Support req)) / (Losses × (1−s) × (1−h) + net AWOL + discharges) / 12. UGVs do not reduce AWOL or discharges. Yellow = centre (≈ Central UGV case).
A4: Pool | B4: =Inputs!C13 -> 1394000
A5: Line requirement | B5: =Inputs!C19 -> 150000
A6: Support requirement | B6: =Inputs!C21 -> 345000
A7: Irrecoverable losses/mo | B7: =Inputs!C27 -> 12500
A8: Net AWOL + discharges/mo | B8: =Inputs!C32+Inputs!C33 -> 8750
B10: s ↓ / h → | C10: 0 | D10: 0.05 | E10: 0.1 | F10: 0.15 | G10: 0.2
B11: 0 | C11: =($B$4-($B$5*(1-C$10)+$B$6))/($B$7*(1-$B11)*(1-C$10)+$B$8)/12 -> 3.5254902 | D11: =($B$4-($B$5*(1-D$10)+$B$6))/($B$7*(1-$B11)*(1-D$10)+$B$8)/12 -> 3.6626263 | E11: =($B$4-($B$5*(1-E$10)+$B$6))/($B$7*(1-$B11)*(1-E$10)+$B$8)/12 -> 3.8083333 | F11: =($B$4-($B$5*(1-F$10)+$B$6))/($B$7*(1-$B11)*(1-F$10)+$B$8)/12 -> 3.9634409 | G11: =($B$4-($B$5*(1-G$10)+$B$6))/($B$7*(1-$B11)*(1-G$10)+$B$8)/12 -> 4.1288889
B12: 0.05 | C12: =($B$4-($B$5*(1-C$10)+$B$6))/($B$7*(1-$B12)*(1-C$10)+$B$8)/12 -> 3.6323232 | D12: =($B$4-($B$5*(1-D$10)+$B$6))/($B$7*(1-$B12)*(1-D$10)+$B$8)/12 -> 3.7711908 | E12: =($B$4-($B$5*(1-E$10)+$B$6))/($B$7*(1-$B12)*(1-E$10)+$B$8)/12 -> 3.9185423 | F12: =($B$4-($B$5*(1-F$10)+$B$6))/($B$7*(1-$B12)*(1-F$10)+$B$8)/12 -> 4.0751797 | G12: =($B$4-($B$5*(1-G$10)+$B$6))/($B$7*(1-$B12)*(1-G$10)+$B$8)/12 -> 4.2420091
B13: 0.1 | C13: =($B$4-($B$5*(1-C$10)+$B$6))/($B$7*(1-$B13)*(1-C$10)+$B$8)/12 -> 3.7458333 | D13: =($B$4-($B$5*(1-D$10)+$B$6))/($B$7*(1-$B13)*(1-D$10)+$B$8)/12 -> 3.886388 | E13: =($B$4-($B$5*(1-E$10)+$B$6))/($B$7*(1-$B13)*(1-E$10)+$B$8)/12 -> 4.0353201 | F13: =($B$4-($B$5*(1-F$10)+$B$6))/($B$7*(1-$B13)*(1-F$10)+$B$8)/12 -> 4.1934016 | G13: =($B$4-($B$5*(1-G$10)+$B$6))/($B$7*(1-$B13)*(1-G$10)+$B$8)/12 -> 4.3615023
B14: 0.15 | C14: =($B$4-($B$5*(1-C$10)+$B$6))/($B$7*(1-$B14)*(1-C$10)+$B$8)/12 -> 3.8666667 | D14: =($B$4-($B$5*(1-D$10)+$B$6))/($B$7*(1-$B14)*(1-D$10)+$B$8)/12 -> 4.0088447 | E14: =($B$4-($B$5*(1-E$10)+$B$6))/($B$7*(1-$B14)*(1-E$10)+$B$8)/12 -> 4.1592719 | F14: =($B$4-($B$5*(1-F$10)+$B$6))/($B$7*(1-$B14)*(1-F$10)+$B$8)/12 -> 4.3186878 | G14: =($B$4-($B$5*(1-G$10)+$B$6))/($B$7*(1-$B14)*(1-G$10)+$B$8)/12 -> 4.4879227
B15: 0.2 | C15: =($B$4-($B$5*(1-C$10)+$B$6))/($B$7*(1-$B15)*(1-C$10)+$B$8)/12 -> 3.9955556 | D15: =($B$4-($B$5*(1-D$10)+$B$6))/($B$7*(1-$B15)*(1-D$10)+$B$8)/12 -> 4.1392694 | E15: =($B$4-($B$5*(1-E$10)+$B$6))/($B$7*(1-$B15)*(1-E$10)+$B$8)/12 -> 4.2910798 | F15: =($B$4-($B$5*(1-F$10)+$B$6))/($B$7*(1-$B15)*(1-F$10)+$B$8)/12 -> 4.4516908 | G15: =($B$4-($B$5*(1-G$10)+$B$6))/($B$7*(1-$B15)*(1-G$10)+$B$8)/12 -> 4.6218905
B16: 0.25 | C16: =($B$4-($B$5*(1-C$10)+$B$6))/($B$7*(1-$B16)*(1-C$10)+$B$8)/12 -> 4.1333333 | D16: =($B$4-($B$5*(1-D$10)+$B$6))/($B$7*(1-$B16)*(1-D$10)+$B$8)/12 -> 4.2784661 | E16: =($B$4-($B$5*(1-E$10)+$B$6))/($B$7*(1-$B16)*(1-E$10)+$B$8)/12 -> 4.4315152 | F16: =($B$4-($B$5*(1-F$10)+$B$6))/($B$7*(1-$B16)*(1-F$10)+$B$8)/12 -> 4.5931464 | G16: =($B$4-($B$5*(1-G$10)+$B$6))/($B$7*(1-$B16)*(1-G$10)+$B$8)/12 -> 4.7641026
B17: 0.3 | C17: =($B$4-($B$5*(1-C$10)+$B$6))/($B$7*(1-$B17)*(1-C$10)+$B$8)/12 -> 4.2809524 | D17: =($B$4-($B$5*(1-D$10)+$B$6))/($B$7*(1-$B17)*(1-D$10)+$B$8)/12 -> 4.4273504 | E17: =($B$4-($B$5*(1-E$10)+$B$6))/($B$7*(1-$B17)*(1-E$10)+$B$8)/12 -> 4.5814536 | F17: =($B$4-($B$5*(1-F$10)+$B$6))/($B$7*(1-$B17)*(1-F$10)+$B$8)/12 -> 4.7438867 | G17: =($B$4-($B$5*(1-G$10)+$B$6))/($B$7*(1-$B17)*(1-G$10)+$B$8)/12 -> 4.9153439
B19: Memo: s = 0, h = 0 (steady-state Base) | E19: =C11 -> 3.5254902
B20: Memo: the same 15% loss cut in the Aug 2026 model (losses were the only drain) | E20: =Inputs!C14*(1-Inputs!C24)/(Inputs!C27*(1-0.15))/12-Inputs!C14*(1-Inputs!C24)/Inputs!C27/12 -> 0.61764706
B21: Memo: years added by a 15% loss cut in v2 (s=15%, h=0) | E21: =C14-C11 -> 0.34117647

Sheet Tornado
C2: Driver id → | D2: 1 | E2: 2 | F2: 3 | G2: 4 | H2: 5 | I2: 6 | J2: 7 | K2: 8 | L2: 9 | M2: 10 | N2: 11 | O2: 12 | P2: 13
C3: Inputs row → | D3: 6 | E3: 7 | F3: 8 | G3: 9 | H3: 11 | I3: 17 | J3: 18 | K3: 20 | L3: 27 | M3: 30 | N3: 31 | O3: 33 | P3: 36 | X3: Driver summary (unsorted)
A4: Case | B4: Driver flexed | C4: Side (1=Pess,3=Opt) | D4: Serving force S0 | E4: Civilian men 25–60 | F4: Reserved workers | G4: Unfit/exempt share | H4: Reachability | I4: Front length (km) | J4: Line troops per km | K4: Support ratio | L4: Irrecoverable losses/mo | M4: AWOL cases/mo | N4: AWOL return share | O4: Discharges/mo | P4: Mobilization capacity/mo | Q4: R0 reserve | R4: Total pool | S4: Min force | T4: Net drain/mo | U4: Runway (yrs) | V4: Driver name | X4: Driver | Y4: Runway @ Pess | Z4: Runway @ Opt | AA4: Swing (yrs) | AB4: Pess value | AC4: Opt value
A5: Central (all inputs Central) | B5: 0 | C5: 2 | D5: {=IF($B5=D$2,INDEX(Inputs!$B$1:$D$80,D$3,$C5),INDEX(Inputs!$B$1:$D$80,D$3,2))} -> 800000 | E5: {=IF($B5=E$2,INDEX(Inputs!$B$1:$D$80,E$3,$C5),INDEX(Inputs!$B$1:$D$80,E$3,2))} -> 4500000 | F5: {=IF($B5=F$2,INDEX(Inputs!$B$1:$D$80,F$3,$C5),INDEX(Inputs!$B$1:$D$80,F$3,2))} -> 1200000 | G5: {=IF($B5=G$2,INDEX(Inputs!$B$1:$D$80,G$3,$C5),INDEX(Inputs!$B$1:$D$80,G$3,2))} -> 0.4 | H5: {=IF($B5=H$2,INDEX(Inputs!$B$1:$D$80,H$3,$C5),INDEX(Inputs!$B$1:$D$80,H$3,2))} -> 0.3 | I5: {=IF($B5=I$2,INDEX(Inputs!$B$1:$D$80,I$3,$C5),INDEX(Inputs!$B$1:$D$80,I$3,2))} -> 1200 | J5: {=IF($B5=J$2,INDEX(Inputs!$B$1:$D$80,J$3,$C5),INDEX(Inputs!$B$1:$D$80,J$3,2))} -> 125 | K5: {=IF($B5=K$2,INDEX(Inputs!$B$1:$D$80,K$3,$C5),INDEX(Inputs!$B$1:$D$80,K$3,2))} -> 2.3 | ... P5: {=IF($B5=P$2,INDEX(Inputs!$B$1:$D$80,P$3,$C5),INDEX(Inputs!$B$1:$D$80,P$3,2))} -> 30000 | Q5: =(E5-F5)*(1-G5)*H5 -> 594000 | R5: =D5+Q5 -> 1394000 | S5: =I5*J5*(1+K5) -> 495000 | T5: =L5+M5*(1-N5)+O5 -> 21250 | U5: =_xlfn.LET(_xlpm.S0,D5,_xlpm.R0,Q5,_xlpm.Qm,S5,_xlpm.d,T5,_xlpm.c,MIN(P5,_xlpm.d),_xlpm.dec,_xlpm.d-_xlpm.c,_xlpm.TR,_xlpm.R0/_xlpm.c,IF(_xlpm.S0<_xlpm.Qm,0,IF(AND(_xlpm.dec>0,(_xlpm.S0-_xlpm.Qm)/MAX(_xlpm.dec,1)<_xlpm.TR),(_xlpm.S0-_xlpm.Qm)/_xlpm.dec,_xlpm.TR+(_xlpm.S0-_xlpm.dec*_xlpm.TR-_xlpm.Qm)/_xlpm.d))/12) -> 3.5254902 | V5: {=IF(B5=0,"—",INDEX($D$4:$P$4,B5))} -> — | X5: =D$4 -> Serving force S0 | Y5: =U6 -> 3.054902 | Z5: =U7 -> 3.8392157 | AA5: =ABS(Z5-Y5) -> 0.78431373 | AB5: =D6 -> 680000 | AC5: =D7 -> 880000
A6: Serving force S0 → Pessimistic | B6: 1 | C6: 1 | D6: {=IF($B6=D$2,INDEX(Inputs!$B$1:$D$80,D$3,$C6),INDEX(Inputs!$B$1:$D$80,D$3,2))} -> 680000 | E6: {=IF($B6=E$2,INDEX(Inputs!$B$1:$D$80,E$3,$C6),INDEX(Inputs!$B$1:$D$80,E$3,2))} -> 4500000 | F6: {=IF($B6=F$2,INDEX(Inputs!$B$1:$D$80,F$3,$C6),INDEX(Inputs!$B$1:$D$80,F$3,2))} -> 1200000 | G6: {=IF($B6=G$2,INDEX(Inputs!$B$1:$D$80,G$3,$C6),INDEX(Inputs!$B$1:$D$80,G$3,2))} -> 0.4 | H6: {=IF($B6=H$2,INDEX(Inputs!$B$1:$D$80,H$3,$C6),INDEX(Inputs!$B$1:$D$80,H$3,2))} -> 0.3 | I6: {=IF($B6=I$2,INDEX(Inputs!$B$1:$D$80,I$3,$C6),INDEX(Inputs!$B$1:$D$80,I$3,2))} -> 1200 | J6: {=IF($B6=J$2,INDEX(Inputs!$B$1:$D$80,J$3,$C6),INDEX(Inputs!$B$1:$D$80,J$3,2))} -> 125 | K6: {=IF($B6=K$2,INDEX(Inputs!$B$1:$D$80,K$3,$C6),INDEX(Inputs!$B$1:$D$80,K$3,2))} -> 2.3 | ... P6: {=IF($B6=P$2,INDEX(Inputs!$B$1:$D$80,P$3,$C6),INDEX(Inputs!$B$1:$D$80,P$3,2))} -> 30000 | Q6: =(E6-F6)*(1-G6)*H6 -> 594000 | R6: =D6+Q6 -> 1274000 | S6: =I6*J6*(1+K6) -> 495000 | T6: =L6+M6*(1-N6)+O6 -> 21250 | U6: =_xlfn.LET(_xlpm.S0,D6,_xlpm.R0,Q6,_xlpm.Qm,S6,_xlpm.d,T6,_xlpm.c,MIN(P6,_xlpm.d),_xlpm.dec,_xlpm.d-_xlpm.c,_xlpm.TR,_xlpm.R0/_xlpm.c,IF(_xlpm.S0<_xlpm.Qm,0,IF(AND(_xlpm.dec>0,(_xlpm.S0-_xlpm.Qm)/MAX(_xlpm.dec,1)<_xlpm.TR),(_xlpm.S0-_xlpm.Qm)/_xlpm.dec,_xlpm.TR+(_xlpm.S0-_xlpm.dec*_xlpm.TR-_xlpm.Qm)/_xlpm.d))/12) -> 3.054902 | V6: {=IF(B6=0,"—",INDEX($D$4:$P$4,B6))} -> Serving force S0 | X6: =E$4 -> Civilian men 25–60 | Y6: =U8 -> 3.172549 | Z6: =U9 -> 3.8784314 | AA6: =ABS(Z6-Y6) -> 0.70588235 | AB6: =E8 -> 4000000 | AC6: =E9 -> 5000000
A7: Serving force S0 → Optimistic | B7: 1 | C7: 3 | D7: {=IF($B7=D$2,INDEX(Inputs!$B$1:$D$80,D$3,$C7),INDEX(Inputs!$B$1:$D$80,D$3,2))} -> 880000 | E7: {=IF($B7=E$2,INDEX(Inputs!$B$1:$D$80,E$3,$C7),INDEX(Inputs!$B$1:$D$80,E$3,2))} -> 4500000 | F7: {=IF($B7=F$2,INDEX(Inputs!$B$1:$D$80,F$3,$C7),INDEX(Inputs!$B$1:$D$80,F$3,2))} -> 1200000 | G7: {=IF($B7=G$2,INDEX(Inputs!$B$1:$D$80,G$3,$C7),INDEX(Inputs!$B$1:$D$80,G$3,2))} -> 0.4 | H7: {=IF($B7=H$2,INDEX(Inputs!$B$1:$D$80,H$3,$C7),INDEX(Inputs!$B$1:$D$80,H$3,2))} -> 0.3 | I7: {=IF($B7=I$2,INDEX(Inputs!$B$1:$D$80,I$3,$C7),INDEX(Inputs!$B$1:$D$80,I$3,2))} -> 1200 | J7: {=IF($B7=J$2,INDEX(Inputs!$B$1:$D$80,J$3,$C7),INDEX(Inputs!$B$1:$D$80,J$3,2))} -> 125 | K7: {=IF($B7=K$2,INDEX(Inputs!$B$1:$D$80,K$3,$C7),INDEX(Inputs!$B$1:$D$80,K$3,2))} -> 2.3 | ... P7: {=IF($B7=P$2,INDEX(Inputs!$B$1:$D$80,P$3,$C7),INDEX(Inputs!$B$1:$D$80,P$3,2))} -> 30000 | Q7: =(E7-F7)*(1-G7)*H7 -> 594000 | R7: =D7+Q7 -> 1474000 | S7: =I7*J7*(1+K7) -> 495000 | T7: =L7+M7*(1-N7)+O7 -> 21250 | U7: =_xlfn.LET(_xlpm.S0,D7,_xlpm.R0,Q7,_xlpm.Qm,S7,_xlpm.d,T7,_xlpm.c,MIN(P7,_xlpm.d),_xlpm.dec,_xlpm.d-_xlpm.c,_xlpm.TR,_xlpm.R0/_xlpm.c,IF(_xlpm.S0<_xlpm.Qm,0,IF(AND(_xlpm.dec>0,(_xlpm.S0-_xlpm.Qm)/MAX(_xlpm.dec,1)<_xlpm.TR),(_xlpm.S0-_xlpm.Qm)/_xlpm.dec,_xlpm.TR+(_xlpm.S0-_xlpm.dec*_xlpm.TR-_xlpm.Qm)/_xlpm.d))/12) -> 3.8392157 | V7: {=IF(B7=0,"—",INDEX($D$4:$P$4,B7))} -> Serving force S0 | X7: =F$4 -> Reserved workers | Y7: =U10 -> 3.454902 | Z7: =U11 -> 3.6666667 | AA7: =ABS(Z7-Y7) -> 0.21176471 | AB7: =F10 -> 1300000 | AC7: =F11 -> 1000000
A8: Civilian men 25–60 → Pessimistic | B8: 2 | C8: 1 | D8: {=IF($B8=D$2,INDEX(Inputs!$B$1:$D$80,D$3,$C8),INDEX(Inputs!$B$1:$D$80,D$3,2))} -> 800000 | E8: {=IF($B8=E$2,INDEX(Inputs!$B$1:$D$80,E$3,$C8),INDEX(Inputs!$B$1:$D$80,E$3,2))} -> 4000000 | F8: {=IF($B8=F$2,INDEX(Inputs!$B$1:$D$80,F$3,$C8),INDEX(Inputs!$B$1:$D$80,F$3,2))} -> 1200000 | G8: {=IF($B8=G$2,INDEX(Inputs!$B$1:$D$80,G$3,$C8),INDEX(Inputs!$B$1:$D$80,G$3,2))} -> 0.4 | H8: {=IF($B8=H$2,INDEX(Inputs!$B$1:$D$80,H$3,$C8),INDEX(Inputs!$B$1:$D$80,H$3,2))} -> 0.3 | I8: {=IF($B8=I$2,INDEX(Inputs!$B$1:$D$80,I$3,$C8),INDEX(Inputs!$B$1:$D$80,I$3,2))} -> 1200 | J8: {=IF($B8=J$2,INDEX(Inputs!$B$1:$D$80,J$3,$C8),INDEX(Inputs!$B$1:$D$80,J$3,2))} -> 125 | K8: {=IF($B8=K$2,INDEX(Inputs!$B$1:$D$80,K$3,$C8),INDEX(Inputs!$B$1:$D$80,K$3,2))} -> 2.3 | ... P8: {=IF($B8=P$2,INDEX(Inputs!$B$1:$D$80,P$3,$C8),INDEX(Inputs!$B$1:$D$80,P$3,2))} -> 30000 | Q8: =(E8-F8)*(1-G8)*H8 -> 504000 | R8: =D8+Q8 -> 1304000 | S8: =I8*J8*(1+K8) -> 495000 | T8: =L8+M8*(1-N8)+O8 -> 21250 | U8: =_xlfn.LET(_xlpm.S0,D8,_xlpm.R0,Q8,_xlpm.Qm,S8,_xlpm.d,T8,_xlpm.c,MIN(P8,_xlpm.d),_xlpm.dec,_xlpm.d-_xlpm.c,_xlpm.TR,_xlpm.R0/_xlpm.c,IF(_xlpm.S0<_xlpm.Qm,0,IF(AND(_xlpm.dec>0,(_xlpm.S0-_xlpm.Qm)/MAX(_xlpm.dec,1)<_xlpm.TR),(_xlpm.S0-_xlpm.Qm)/_xlpm.dec,_xlpm.TR+(_xlpm.S0-_xlpm.dec*_xlpm.TR-_xlpm.Qm)/_xlpm.d))/12) -> 3.172549 | V8: {=IF(B8=0,"—",INDEX($D$4:$P$4,B8))} -> Civilian men 25–60 | X8: =G$4 -> Unfit/exempt share | Y8: =U12 -> 3.3313725 | Z8: =U13 -> 3.7196078 | AA8: =ABS(Z8-Y8) -> 0.38823529 | AB8: =G12 -> 0.45 | AC8: =G13 -> 0.35
A9: Civilian men 25–60 → Optimistic | B9: 2 | C9: 3 | D9: {=IF($B9=D$2,INDEX(Inputs!$B$1:$D$80,D$3,$C9),INDEX(Inputs!$B$1:$D$80,D$3,2))} -> 800000 | E9: {=IF($B9=E$2,INDEX(Inputs!$B$1:$D$80,E$3,$C9),INDEX(Inputs!$B$1:$D$80,E$3,2))} -> 5000000 | F9: {=IF($B9=F$2,INDEX(Inputs!$B$1:$D$80,F$3,$C9),INDEX(Inputs!$B$1:$D$80,F$3,2))} -> 1200000 | G9: {=IF($B9=G$2,INDEX(Inputs!$B$1:$D$80,G$3,$C9),INDEX(Inputs!$B$1:$D$80,G$3,2))} -> 0.4 | H9: {=IF($B9=H$2,INDEX(Inputs!$B$1:$D$80,H$3,$C9),INDEX(Inputs!$B$1:$D$80,H$3,2))} -> 0.3 | I9: {=IF($B9=I$2,INDEX(Inputs!$B$1:$D$80,I$3,$C9),INDEX(Inputs!$B$1:$D$80,I$3,2))} -> 1200 | J9: {=IF($B9=J$2,INDEX(Inputs!$B$1:$D$80,J$3,$C9),INDEX(Inputs!$B$1:$D$80,J$3,2))} -> 125 | K9: {=IF($B9=K$2,INDEX(Inputs!$B$1:$D$80,K$3,$C9),INDEX(Inputs!$B$1:$D$80,K$3,2))} -> 2.3 | ... P9: {=IF($B9=P$2,INDEX(Inputs!$B$1:$D$80,P$3,$C9),INDEX(Inputs!$B$1:$D$80,P$3,2))} -> 30000 | Q9: =(E9-F9)*(1-G9)*H9 -> 684000 | R9: =D9+Q9 -> 1484000 | S9: =I9*J9*(1+K9) -> 495000 | T9: =L9+M9*(1-N9)+O9 -> 21250 | U9: =_xlfn.LET(_xlpm.S0,D9,_xlpm.R0,Q9,_xlpm.Qm,S9,_xlpm.d,T9,_xlpm.c,MIN(P9,_xlpm.d),_xlpm.dec,_xlpm.d-_xlpm.c,_xlpm.TR,_xlpm.R0/_xlpm.c,IF(_xlpm.S0<_xlpm.Qm,0,IF(AND(_xlpm.dec>0,(_xlpm.S0-_xlpm.Qm)/MAX(_xlpm.dec,1)<_xlpm.TR),(_xlpm.S0-_xlpm.Qm)/_xlpm.dec,_xlpm.TR+(_xlpm.S0-_xlpm.dec*_xlpm.TR-_xlpm.Qm)/_xlpm.d))/12) -> 3.8784314 | V9: {=IF(B9=0,"—",INDEX($D$4:$P$4,B9))} -> Civilian men 25–60 | X9: =H$4 -> Reachability | Y9: =U14 -> 3.1372549 | Z9: =U15 -> 3.9137255 | AA9: =ABS(Z9-Y9) -> 0.77647059 | AB9: =H14 -> 0.25 | AC9: =H15 -> 0.35
A10: Reserved workers → Pessimistic | B10: 3 | C10: 1 | D10: {=IF($B10=D$2,INDEX(Inputs!$B$1:$D$80,D$3,$C10),INDEX(Inputs!$B$1:$D$80,D$3,2))} -> 800000 | E10: {=IF($B10=E$2,INDEX(Inputs!$B$1:$D$80,E$3,$C10),INDEX(Inputs!$B$1:$D$80,E$3,2))} -> 4500000 | F10: {=IF($B10=F$2,INDEX(Inputs!$B$1:$D$80,F$3,$C10),INDEX(Inputs!$B$1:$D$80,F$3,2))} -> 1300000 | G10: {=IF($B10=G$2,INDEX(Inputs!$B$1:$D$80,G$3,$C10),INDEX(Inputs!$B$1:$D$80,G$3,2))} -> 0.4 | H10: {=IF($B10=H$2,INDEX(Inputs!$B$1:$D$80,H$3,$C10),INDEX(Inputs!$B$1:$D$80,H$3,2))} -> 0.3 | I10: {=IF($B10=I$2,INDEX(Inputs!$B$1:$D$80,I$3,$C10),INDEX(Inputs!$B$1:$D$80,I$3,2))} -> 1200 | J10: {=IF($B10=J$2,INDEX(Inputs!$B$1:$D$80,J$3,$C10),INDEX(Inputs!$B$1:$D$80,J$3,2))} -> 125 | K10: {=IF($B10=K$2,INDEX(Inputs!$B$1:$D$80,K$3,$C10),INDEX(Inputs!$B$1:$D$80,K$3,2))} -> 2.3 | ... P10: {=IF($B10=P$2,INDEX(Inputs!$B$1:$D$80,P$3,$C10),INDEX(Inputs!$B$1:$D$80,P$3,2))} -> 30000 | Q10: =(E10-F10)*(1-G10)*H10 -> 576000 | R10: =D10+Q10 -> 1376000 | S10: =I10*J10*(1+K10) -> 495000 | T10: =L10+M10*(1-N10)+O10 -> 21250 | U10: =_xlfn.LET(_xlpm.S0,D10,_xlpm.R0,Q10,_xlpm.Qm,S10,_xlpm.d,T10,_xlpm.c,MIN(P10,_xlpm.d),_xlpm.dec,_xlpm.d-_xlpm.c,_xlpm.TR,_xlpm.R0/_xlpm.c,IF(_xlpm.S0<_xlpm.Qm,0,IF(AND(_xlpm.dec>0,(_xlpm.S0-_xlpm.Qm)/MAX(_xlpm.dec,1)<_xlpm.TR),(_xlpm.S0-_xlpm.Qm)/_xlpm.dec,_xlpm.TR+(_xlpm.S0-_xlpm.dec*_xlpm.TR-_xlpm.Qm)/_xlpm.d))/12) -> 3.454902 | V10: {=IF(B10=0,"—",INDEX($D$4:$P$4,B10))} -> Reserved workers | X10: =I$4 -> Front length (km) | Y10: =U16 -> 3.4446078 | Z10: =U17 -> 3.6063725 | AA10: =ABS(Z10-Y10) -> 0.16176471 | AB10: =I16 -> 1250 | AC10: =I17 -> 1150
A11: Reserved workers → Optimistic | B11: 3 | C11: 3 | D11: {=IF($B11=D$2,INDEX(Inputs!$B$1:$D$80,D$3,$C11),INDEX(Inputs!$B$1:$D$80,D$3,2))} -> 800000 | E11: {=IF($B11=E$2,INDEX(Inputs!$B$1:$D$80,E$3,$C11),INDEX(Inputs!$B$1:$D$80,E$3,2))} -> 4500000 | F11: {=IF($B11=F$2,INDEX(Inputs!$B$1:$D$80,F$3,$C11),INDEX(Inputs!$B$1:$D$80,F$3,2))} -> 1000000 | G11: {=IF($B11=G$2,INDEX(Inputs!$B$1:$D$80,G$3,$C11),INDEX(Inputs!$B$1:$D$80,G$3,2))} -> 0.4 | H11: {=IF($B11=H$2,INDEX(Inputs!$B$1:$D$80,H$3,$C11),INDEX(Inputs!$B$1:$D$80,H$3,2))} -> 0.3 | I11: {=IF($B11=I$2,INDEX(Inputs!$B$1:$D$80,I$3,$C11),INDEX(Inputs!$B$1:$D$80,I$3,2))} -> 1200 | J11: {=IF($B11=J$2,INDEX(Inputs!$B$1:$D$80,J$3,$C11),INDEX(Inputs!$B$1:$D$80,J$3,2))} -> 125 | K11: {=IF($B11=K$2,INDEX(Inputs!$B$1:$D$80,K$3,$C11),INDEX(Inputs!$B$1:$D$80,K$3,2))} -> 2.3 | ... P11: {=IF($B11=P$2,INDEX(Inputs!$B$1:$D$80,P$3,$C11),INDEX(Inputs!$B$1:$D$80,P$3,2))} -> 30000 | Q11: =(E11-F11)*(1-G11)*H11 -> 630000 | R11: =D11+Q11 -> 1430000 | S11: =I11*J11*(1+K11) -> 495000 | T11: =L11+M11*(1-N11)+O11 -> 21250 | U11: =_xlfn.LET(_xlpm.S0,D11,_xlpm.R0,Q11,_xlpm.Qm,S11,_xlpm.d,T11,_xlpm.c,MIN(P11,_xlpm.d),_xlpm.dec,_xlpm.d-_xlpm.c,_xlpm.TR,_xlpm.R0/_xlpm.c,IF(_xlpm.S0<_xlpm.Qm,0,IF(AND(_xlpm.dec>0,(_xlpm.S0-_xlpm.Qm)/MAX(_xlpm.dec,1)<_xlpm.TR),(_xlpm.S0-_xlpm.Qm)/_xlpm.dec,_xlpm.TR+(_xlpm.S0-_xlpm.dec*_xlpm.TR-_xlpm.Qm)/_xlpm.d))/12) -> 3.6666667 | V11: {=IF(B11=0,"—",INDEX($D$4:$P$4,B11))} -> Reserved workers | X11: =J$4 -> Line troops per km | Y11: =U18 -> 3.292549 | Z11: =U19 -> 3.7584314 | AA11: =ABS(Z11-Y11) -> 0.46588235 | AB11: =J18 -> 140 | AC11: =J19 -> 110
A12: Unfit/exempt share → Pessimistic | B12: 4 | C12: 1 | D12: {=IF($B12=D$2,INDEX(Inputs!$B$1:$D$80,D$3,$C12),INDEX(Inputs!$B$1:$D$80,D$3,2))} -> 800000 | E12: {=IF($B12=E$2,INDEX(Inputs!$B$1:$D$80,E$3,$C12),INDEX(Inputs!$B$1:$D$80,E$3,2))} -> 4500000 | F12: {=IF($B12=F$2,INDEX(Inputs!$B$1:$D$80,F$3,$C12),INDEX(Inputs!$B$1:$D$80,F$3,2))} -> 1200000 | G12: {=IF($B12=G$2,INDEX(Inputs!$B$1:$D$80,G$3,$C12),INDEX(Inputs!$B$1:$D$80,G$3,2))} -> 0.45 | H12: {=IF($B12=H$2,INDEX(Inputs!$B$1:$D$80,H$3,$C12),INDEX(Inputs!$B$1:$D$80,H$3,2))} -> 0.3 | I12: {=IF($B12=I$2,INDEX(Inputs!$B$1:$D$80,I$3,$C12),INDEX(Inputs!$B$1:$D$80,I$3,2))} -> 1200 | J12: {=IF($B12=J$2,INDEX(Inputs!$B$1:$D$80,J$3,$C12),INDEX(Inputs!$B$1:$D$80,J$3,2))} -> 125 | K12: {=IF($B12=K$2,INDEX(Inputs!$B$1:$D$80,K$3,$C12),INDEX(Inputs!$B$1:$D$80,K$3,2))} -> 2.3 | ... P12: {=IF($B12=P$2,INDEX(Inputs!$B$1:$D$80,P$3,$C12),INDEX(Inputs!$B$1:$D$80,P$3,2))} -> 30000 | Q12: =(E12-F12)*(1-G12)*H12 -> 544500 | R12: =D12+Q12 -> 1344500 | S12: =I12*J12*(1+K12) -> 495000 | T12: =L12+M12*(1-N12)+O12 -> 21250 | U12: =_xlfn.LET(_xlpm.S0,D12,_xlpm.R0,Q12,_xlpm.Qm,S12,_xlpm.d,T12,_xlpm.c,MIN(P12,_xlpm.d),_xlpm.dec,_xlpm.d-_xlpm.c,_xlpm.TR,_xlpm.R0/_xlpm.c,IF(_xlpm.S0<_xlpm.Qm,0,IF(AND(_xlpm.dec>0,(_xlpm.S0-_xlpm.Qm)/MAX(_xlpm.dec,1)<_xlpm.TR),(_xlpm.S0-_xlpm.Qm)/_xlpm.dec,_xlpm.TR+(_xlpm.S0-_xlpm.dec*_xlpm.TR-_xlpm.Qm)/_xlpm.d))/12) -> 3.3313725 | V12: {=IF(B12=0,"—",INDEX($D$4:$P$4,B12))} -> Unfit/exempt share | X12: =K$4 -> Support ratio | Y12: =U20 -> 3.4666667 | Z12: =U21 -> 3.5843137 | AA12: =ABS(Z12-Y12) -> 0.11764706 | AB12: =K20 -> 2.4 | AC12: =K21 -> 2.2
A13: Unfit/exempt share → Optimistic | B13: 4 | C13: 3 | D13: {=IF($B13=D$2,INDEX(Inputs!$B$1:$D$80,D$3,$C13),INDEX(Inputs!$B$1:$D$80,D$3,2))} -> 800000 | E13: {=IF($B13=E$2,INDEX(Inputs!$B$1:$D$80,E$3,$C13),INDEX(Inputs!$B$1:$D$80,E$3,2))} -> 4500000 | F13: {=IF($B13=F$2,INDEX(Inputs!$B$1:$D$80,F$3,$C13),INDEX(Inputs!$B$1:$D$80,F$3,2))} -> 1200000 | G13: {=IF($B13=G$2,INDEX(Inputs!$B$1:$D$80,G$3,$C13),INDEX(Inputs!$B$1:$D$80,G$3,2))} -> 0.35 | H13: {=IF($B13=H$2,INDEX(Inputs!$B$1:$D$80,H$3,$C13),INDEX(Inputs!$B$1:$D$80,H$3,2))} -> 0.3 | I13: {=IF($B13=I$2,INDEX(Inputs!$B$1:$D$80,I$3,$C13),INDEX(Inputs!$B$1:$D$80,I$3,2))} -> 1200 | J13: {=IF($B13=J$2,INDEX(Inputs!$B$1:$D$80,J$3,$C13),INDEX(Inputs!$B$1:$D$80,J$3,2))} -> 125 | K13: {=IF($B13=K$2,INDEX(Inputs!$B$1:$D$80,K$3,$C13),INDEX(Inputs!$B$1:$D$80,K$3,2))} -> 2.3 | ... P13: {=IF($B13=P$2,INDEX(Inputs!$B$1:$D$80,P$3,$C13),INDEX(Inputs!$B$1:$D$80,P$3,2))} -> 30000 | Q13: =(E13-F13)*(1-G13)*H13 -> 643500 | R13: =D13+Q13 -> 1443500 | S13: =I13*J13*(1+K13) -> 495000 | T13: =L13+M13*(1-N13)+O13 -> 21250 | U13: =_xlfn.LET(_xlpm.S0,D13,_xlpm.R0,Q13,_xlpm.Qm,S13,_xlpm.d,T13,_xlpm.c,MIN(P13,_xlpm.d),_xlpm.dec,_xlpm.d-_xlpm.c,_xlpm.TR,_xlpm.R0/_xlpm.c,IF(_xlpm.S0<_xlpm.Qm,0,IF(AND(_xlpm.dec>0,(_xlpm.S0-_xlpm.Qm)/MAX(_xlpm.dec,1)<_xlpm.TR),(_xlpm.S0-_xlpm.Qm)/_xlpm.dec,_xlpm.TR+(_xlpm.S0-_xlpm.dec*_xlpm.TR-_xlpm.Qm)/_xlpm.d))/12) -> 3.7196078 | V13: {=IF(B13=0,"—",INDEX($D$4:$P$4,B13))} -> Unfit/exempt share | X13: =L$4 -> Irrecoverable losses/mo | Y13: =U22 -> 3.154386 | Z13: =U23 -> 3.9955556 | AA13: =ABS(Z13-Y13) -> 0.84116959 | AB13: =L22 -> 15000 | AC13: =L23 -> 10000
A14: Reachability → Pessimistic | B14: 5 | C14: 1 | D14: {=IF($B14=D$2,INDEX(Inputs!$B$1:$D$80,D$3,$C14),INDEX(Inputs!$B$1:$D$80,D$3,2))} -> 800000 | E14: {=IF($B14=E$2,INDEX(Inputs!$B$1:$D$80,E$3,$C14),INDEX(Inputs!$B$1:$D$80,E$3,2))} -> 4500000 | F14: {=IF($B14=F$2,INDEX(Inputs!$B$1:$D$80,F$3,$C14),INDEX(Inputs!$B$1:$D$80,F$3,2))} -> 1200000 | G14: {=IF($B14=G$2,INDEX(Inputs!$B$1:$D$80,G$3,$C14),INDEX(Inputs!$B$1:$D$80,G$3,2))} -> 0.4 | H14: {=IF($B14=H$2,INDEX(Inputs!$B$1:$D$80,H$3,$C14),INDEX(Inputs!$B$1:$D$80,H$3,2))} -> 0.25 | I14: {=IF($B14=I$2,INDEX(Inputs!$B$1:$D$80,I$3,$C14),INDEX(Inputs!$B$1:$D$80,I$3,2))} -> 1200 | J14: {=IF($B14=J$2,INDEX(Inputs!$B$1:$D$80,J$3,$C14),INDEX(Inputs!$B$1:$D$80,J$3,2))} -> 125 | K14: {=IF($B14=K$2,INDEX(Inputs!$B$1:$D$80,K$3,$C14),INDEX(Inputs!$B$1:$D$80,K$3,2))} -> 2.3 | ... P14: {=IF($B14=P$2,INDEX(Inputs!$B$1:$D$80,P$3,$C14),INDEX(Inputs!$B$1:$D$80,P$3,2))} -> 30000 | Q14: =(E14-F14)*(1-G14)*H14 -> 495000 | R14: =D14+Q14 -> 1295000 | S14: =I14*J14*(1+K14) -> 495000 | T14: =L14+M14*(1-N14)+O14 -> 21250 | U14: =_xlfn.LET(_xlpm.S0,D14,_xlpm.R0,Q14,_xlpm.Qm,S14,_xlpm.d,T14,_xlpm.c,MIN(P14,_xlpm.d),_xlpm.dec,_xlpm.d-_xlpm.c,_xlpm.TR,_xlpm.R0/_xlpm.c,IF(_xlpm.S0<_xlpm.Qm,0,IF(AND(_xlpm.dec>0,(_xlpm.S0-_xlpm.Qm)/MAX(_xlpm.dec,1)<_xlpm.TR),(_xlpm.S0-_xlpm.Qm)/_xlpm.dec,_xlpm.TR+(_xlpm.S0-_xlpm.dec*_xlpm.TR-_xlpm.Qm)/_xlpm.d))/12) -> 3.1372549 | V14: {=IF(B14=0,"—",INDEX($D$4:$P$4,B14))} -> Reachability | X14: =M$4 -> AWOL cases/mo | Y14: =U24 -> 3.3148968 | Z14: =U25 -> 3.7646566 | AA14: =ABS(Z14-Y14) -> 0.44975986 | AB14: =M24 -> 18000 | AC14: =M25 -> 12000
A15: Reachability → Optimistic | B15: 5 | C15: 3 | D15: {=IF($B15=D$2,INDEX(Inputs!$B$1:$D$80,D$3,$C15),INDEX(Inputs!$B$1:$D$80,D$3,2))} -> 800000 | E15: {=IF($B15=E$2,INDEX(Inputs!$B$1:$D$80,E$3,$C15),INDEX(Inputs!$B$1:$D$80,E$3,2))} -> 4500000 | F15: {=IF($B15=F$2,INDEX(Inputs!$B$1:$D$80,F$3,$C15),INDEX(Inputs!$B$1:$D$80,F$3,2))} -> 1200000 | G15: {=IF($B15=G$2,INDEX(Inputs!$B$1:$D$80,G$3,$C15),INDEX(Inputs!$B$1:$D$80,G$3,2))} -> 0.4 | H15: {=IF($B15=H$2,INDEX(Inputs!$B$1:$D$80,H$3,$C15),INDEX(Inputs!$B$1:$D$80,H$3,2))} -> 0.35 | I15: {=IF($B15=I$2,INDEX(Inputs!$B$1:$D$80,I$3,$C15),INDEX(Inputs!$B$1:$D$80,I$3,2))} -> 1200 | J15: {=IF($B15=J$2,INDEX(Inputs!$B$1:$D$80,J$3,$C15),INDEX(Inputs!$B$1:$D$80,J$3,2))} -> 125 | K15: {=IF($B15=K$2,INDEX(Inputs!$B$1:$D$80,K$3,$C15),INDEX(Inputs!$B$1:$D$80,K$3,2))} -> 2.3 | ... P15: {=IF($B15=P$2,INDEX(Inputs!$B$1:$D$80,P$3,$C15),INDEX(Inputs!$B$1:$D$80,P$3,2))} -> 30000 | Q15: =(E15-F15)*(1-G15)*H15 -> 693000 | R15: =D15+Q15 -> 1493000 | S15: =I15*J15*(1+K15) -> 495000 | T15: =L15+M15*(1-N15)+O15 -> 21250 | U15: =_xlfn.LET(_xlpm.S0,D15,_xlpm.R0,Q15,_xlpm.Qm,S15,_xlpm.d,T15,_xlpm.c,MIN(P15,_xlpm.d),_xlpm.dec,_xlpm.d-_xlpm.c,_xlpm.TR,_xlpm.R0/_xlpm.c,IF(_xlpm.S0<_xlpm.Qm,0,IF(AND(_xlpm.dec>0,(_xlpm.S0-_xlpm.Qm)/MAX(_xlpm.dec,1)<_xlpm.TR),(_xlpm.S0-_xlpm.Qm)/_xlpm.dec,_xlpm.TR+(_xlpm.S0-_xlpm.dec*_xlpm.TR-_xlpm.Qm)/_xlpm.d))/12) -> 3.9137255 | V15: {=IF(B15=0,"—",INDEX($D$4:$P$4,B15))} -> Reachability | X15: =N$4 -> AWOL return share | Y15: =U26 -> 3.1879433 | Z15: =U27 -> 3.7932489 | AA15: =ABS(Z15-Y15) -> 0.60530568 | AB15: =N26 -> 0.4 | AC15: =N27 -> 0.65
A16: Front length (km) → Pessimistic | B16: 6 | C16: 1 | D16: {=IF($B16=D$2,INDEX(Inputs!$B$1:$D$80,D$3,$C16),INDEX(Inputs!$B$1:$D$80,D$3,2))} -> 800000 | E16: {=IF($B16=E$2,INDEX(Inputs!$B$1:$D$80,E$3,$C16),INDEX(Inputs!$B$1:$D$80,E$3,2))} -> 4500000 | F16: {=IF($B16=F$2,INDEX(Inputs!$B$1:$D$80,F$3,$C16),INDEX(Inputs!$B$1:$D$80,F$3,2))} -> 1200000 | G16: {=IF($B16=G$2,INDEX(Inputs!$B$1:$D$80,G$3,$C16),INDEX(Inputs!$B$1:$D$80,G$3,2))} -> 0.4 | H16: {=IF($B16=H$2,INDEX(Inputs!$B$1:$D$80,H$3,$C16),INDEX(Inputs!$B$1:$D$80,H$3,2))} -> 0.3 | I16: {=IF($B16=I$2,INDEX(Inputs!$B$1:$D$80,I$3,$C16),INDEX(Inputs!$B$1:$D$80,I$3,2))} -> 1250 | J16: {=IF($B16=J$2,INDEX(Inputs!$B$1:$D$80,J$3,$C16),INDEX(Inputs!$B$1:$D$80,J$3,2))} -> 125 | K16: {=IF($B16=K$2,INDEX(Inputs!$B$1:$D$80,K$3,$C16),INDEX(Inputs!$B$1:$D$80,K$3,2))} -> 2.3 | ... P16: {=IF($B16=P$2,INDEX(Inputs!$B$1:$D$80,P$3,$C16),INDEX(Inputs!$B$1:$D$80,P$3,2))} -> 30000 | Q16: =(E16-F16)*(1-G16)*H16 -> 594000 | R16: =D16+Q16 -> 1394000 | S16: =I16*J16*(1+K16) -> 515625 | T16: =L16+M16*(1-N16)+O16 -> 21250 | U16: =_xlfn.LET(_xlpm.S0,D16,_xlpm.R0,Q16,_xlpm.Qm,S16,_xlpm.d,T16,_xlpm.c,MIN(P16,_xlpm.d),_xlpm.dec,_xlpm.d-_xlpm.c,_xlpm.TR,_xlpm.R0/_xlpm.c,IF(_xlpm.S0<_xlpm.Qm,0,IF(AND(_xlpm.dec>0,(_xlpm.S0-_xlpm.Qm)/MAX(_xlpm.dec,1)<_xlpm.TR),(_xlpm.S0-_xlpm.Qm)/_xlpm.dec,_xlpm.TR+(_xlpm.S0-_xlpm.dec*_xlpm.TR-_xlpm.Qm)/_xlpm.d))/12) -> 3.4446078 | V16: {=IF(B16=0,"—",INDEX($D$4:$P$4,B16))} -> Front length (km) | X16: =O$4 -> Discharges/mo | Y16: =U28 -> 3.4444444 | Z16: =U29 -> 3.6104418 | AA16: =ABS(Z16-Y16) -> 0.16599732 | AB16: =O28 -> 2500 | AC16: =O29 -> 1500
A17: Front length (km) → Optimistic | B17: 6 | C17: 3 | D17: {=IF($B17=D$2,INDEX(Inputs!$B$1:$D$80,D$3,$C17),INDEX(Inputs!$B$1:$D$80,D$3,2))} -> 800000 | E17: {=IF($B17=E$2,INDEX(Inputs!$B$1:$D$80,E$3,$C17),INDEX(Inputs!$B$1:$D$80,E$3,2))} -> 4500000 | F17: {=IF($B17=F$2,INDEX(Inputs!$B$1:$D$80,F$3,$C17),INDEX(Inputs!$B$1:$D$80,F$3,2))} -> 1200000 | G17: {=IF($B17=G$2,INDEX(Inputs!$B$1:$D$80,G$3,$C17),INDEX(Inputs!$B$1:$D$80,G$3,2))} -> 0.4 | H17: {=IF($B17=H$2,INDEX(Inputs!$B$1:$D$80,H$3,$C17),INDEX(Inputs!$B$1:$D$80,H$3,2))} -> 0.3 | I17: {=IF($B17=I$2,INDEX(Inputs!$B$1:$D$80,I$3,$C17),INDEX(Inputs!$B$1:$D$80,I$3,2))} -> 1150 | J17: {=IF($B17=J$2,INDEX(Inputs!$B$1:$D$80,J$3,$C17),INDEX(Inputs!$B$1:$D$80,J$3,2))} -> 125 | K17: {=IF($B17=K$2,INDEX(Inputs!$B$1:$D$80,K$3,$C17),INDEX(Inputs!$B$1:$D$80,K$3,2))} -> 2.3 | ... P17: {=IF($B17=P$2,INDEX(Inputs!$B$1:$D$80,P$3,$C17),INDEX(Inputs!$B$1:$D$80,P$3,2))} -> 30000 | Q17: =(E17-F17)*(1-G17)*H17 -> 594000 | R17: =D17+Q17 -> 1394000 | S17: =I17*J17*(1+K17) -> 474375 | T17: =L17+M17*(1-N17)+O17 -> 21250 | U17: =_xlfn.LET(_xlpm.S0,D17,_xlpm.R0,Q17,_xlpm.Qm,S17,_xlpm.d,T17,_xlpm.c,MIN(P17,_xlpm.d),_xlpm.dec,_xlpm.d-_xlpm.c,_xlpm.TR,_xlpm.R0/_xlpm.c,IF(_xlpm.S0<_xlpm.Qm,0,IF(AND(_xlpm.dec>0,(_xlpm.S0-_xlpm.Qm)/MAX(_xlpm.dec,1)<_xlpm.TR),(_xlpm.S0-_xlpm.Qm)/_xlpm.dec,_xlpm.TR+(_xlpm.S0-_xlpm.dec*_xlpm.TR-_xlpm.Qm)/_xlpm.d))/12) -> 3.6063725 | V17: {=IF(B17=0,"—",INDEX($D$4:$P$4,B17))} -> Front length (km) | X17: =P$4 -> Mobilization capacity/mo | Y17: =U30 -> 3.5254902 | Z17: =U31 -> 3.5254902 | AA17: =ABS(Z17-Y17) -> 0 | AB17: =P30 -> 22000 | AC17: =P31 -> 34000
A18: Line troops per km → Pessimistic | B18: 7 | C18: 1 | D18: {=IF($B18=D$2,INDEX(Inputs!$B$1:$D$80,D$3,$C18),INDEX(Inputs!$B$1:$D$80,D$3,2))} -> 800000 | E18: {=IF($B18=E$2,INDEX(Inputs!$B$1:$D$80,E$3,$C18),INDEX(Inputs!$B$1:$D$80,E$3,2))} -> 4500000 | F18: {=IF($B18=F$2,INDEX(Inputs!$B$1:$D$80,F$3,$C18),INDEX(Inputs!$B$1:$D$80,F$3,2))} -> 1200000 | G18: {=IF($B18=G$2,INDEX(Inputs!$B$1:$D$80,G$3,$C18),INDEX(Inputs!$B$1:$D$80,G$3,2))} -> 0.4 | H18: {=IF($B18=H$2,INDEX(Inputs!$B$1:$D$80,H$3,$C18),INDEX(Inputs!$B$1:$D$80,H$3,2))} -> 0.3 | I18: {=IF($B18=I$2,INDEX(Inputs!$B$1:$D$80,I$3,$C18),INDEX(Inputs!$B$1:$D$80,I$3,2))} -> 1200 | J18: {=IF($B18=J$2,INDEX(Inputs!$B$1:$D$80,J$3,$C18),INDEX(Inputs!$B$1:$D$80,J$3,2))} -> 140 | K18: {=IF($B18=K$2,INDEX(Inputs!$B$1:$D$80,K$3,$C18),INDEX(Inputs!$B$1:$D$80,K$3,2))} -> 2.3 | ... P18: {=IF($B18=P$2,INDEX(Inputs!$B$1:$D$80,P$3,$C18),INDEX(Inputs!$B$1:$D$80,P$3,2))} -> 30000 | Q18: =(E18-F18)*(1-G18)*H18 -> 594000 | R18: =D18+Q18 -> 1394000 | S18: =I18*J18*(1+K18) -> 554400 | T18: =L18+M18*(1-N18)+O18 -> 21250 | U18: =_xlfn.LET(_xlpm.S0,D18,_xlpm.R0,Q18,_xlpm.Qm,S18,_xlpm.d,T18,_xlpm.c,MIN(P18,_xlpm.d),_xlpm.dec,_xlpm.d-_xlpm.c,_xlpm.TR,_xlpm.R0/_xlpm.c,IF(_xlpm.S0<_xlpm.Qm,0,IF(AND(_xlpm.dec>0,(_xlpm.S0-_xlpm.Qm)/MAX(_xlpm.dec,1)<_xlpm.TR),(_xlpm.S0-_xlpm.Qm)/_xlpm.dec,_xlpm.TR+(_xlpm.S0-_xlpm.dec*_xlpm.TR-_xlpm.Qm)/_xlpm.d))/12) -> 3.292549 | V18: {=IF(B18=0,"—",INDEX($D$4:$P$4,B18))} -> Line troops per km
A19: Line troops per km → Optimistic | B19: 7 | C19: 3 | D19: {=IF($B19=D$2,INDEX(Inputs!$B$1:$D$80,D$3,$C19),INDEX(Inputs!$B$1:$D$80,D$3,2))} -> 800000 | E19: {=IF($B19=E$2,INDEX(Inputs!$B$1:$D$80,E$3,$C19),INDEX(Inputs!$B$1:$D$80,E$3,2))} -> 4500000 | F19: {=IF($B19=F$2,INDEX(Inputs!$B$1:$D$80,F$3,$C19),INDEX(Inputs!$B$1:$D$80,F$3,2))} -> 1200000 | G19: {=IF($B19=G$2,INDEX(Inputs!$B$1:$D$80,G$3,$C19),INDEX(Inputs!$B$1:$D$80,G$3,2))} -> 0.4 | H19: {=IF($B19=H$2,INDEX(Inputs!$B$1:$D$80,H$3,$C19),INDEX(Inputs!$B$1:$D$80,H$3,2))} -> 0.3 | I19: {=IF($B19=I$2,INDEX(Inputs!$B$1:$D$80,I$3,$C19),INDEX(Inputs!$B$1:$D$80,I$3,2))} -> 1200 | J19: {=IF($B19=J$2,INDEX(Inputs!$B$1:$D$80,J$3,$C19),INDEX(Inputs!$B$1:$D$80,J$3,2))} -> 110 | K19: {=IF($B19=K$2,INDEX(Inputs!$B$1:$D$80,K$3,$C19),INDEX(Inputs!$B$1:$D$80,K$3,2))} -> 2.3 | ... P19: {=IF($B19=P$2,INDEX(Inputs!$B$1:$D$80,P$3,$C19),INDEX(Inputs!$B$1:$D$80,P$3,2))} -> 30000 | Q19: =(E19-F19)*(1-G19)*H19 -> 594000 | R19: =D19+Q19 -> 1394000 | S19: =I19*J19*(1+K19) -> 435600 | T19: =L19+M19*(1-N19)+O19 -> 21250 | U19: =_xlfn.LET(_xlpm.S0,D19,_xlpm.R0,Q19,_xlpm.Qm,S19,_xlpm.d,T19,_xlpm.c,MIN(P19,_xlpm.d),_xlpm.dec,_xlpm.d-_xlpm.c,_xlpm.TR,_xlpm.R0/_xlpm.c,IF(_xlpm.S0<_xlpm.Qm,0,IF(AND(_xlpm.dec>0,(_xlpm.S0-_xlpm.Qm)/MAX(_xlpm.dec,1)<_xlpm.TR),(_xlpm.S0-_xlpm.Qm)/_xlpm.dec,_xlpm.TR+(_xlpm.S0-_xlpm.dec*_xlpm.TR-_xlpm.Qm)/_xlpm.d))/12) -> 3.7584314 | V19: {=IF(B19=0,"—",INDEX($D$4:$P$4,B19))} -> Line troops per km
A20: Support ratio → Pessimistic | B20: 8 | C20: 1 | D20: {=IF($B20=D$2,INDEX(Inputs!$B$1:$D$80,D$3,$C20),INDEX(Inputs!$B$1:$D$80,D$3,2))} -> 800000 | E20: {=IF($B20=E$2,INDEX(Inputs!$B$1:$D$80,E$3,$C20),INDEX(Inputs!$B$1:$D$80,E$3,2))} -> 4500000 | F20: {=IF($B20=F$2,INDEX(Inputs!$B$1:$D$80,F$3,$C20),INDEX(Inputs!$B$1:$D$80,F$3,2))} -> 1200000 | G20: {=IF($B20=G$2,INDEX(Inputs!$B$1:$D$80,G$3,$C20),INDEX(Inputs!$B$1:$D$80,G$3,2))} -> 0.4 | H20: {=IF($B20=H$2,INDEX(Inputs!$B$1:$D$80,H$3,$C20),INDEX(Inputs!$B$1:$D$80,H$3,2))} -> 0.3 | I20: {=IF($B20=I$2,INDEX(Inputs!$B$1:$D$80,I$3,$C20),INDEX(Inputs!$B$1:$D$80,I$3,2))} -> 1200 | J20: {=IF($B20=J$2,INDEX(Inputs!$B$1:$D$80,J$3,$C20),INDEX(Inputs!$B$1:$D$80,J$3,2))} -> 125 | K20: {=IF($B20=K$2,INDEX(Inputs!$B$1:$D$80,K$3,$C20),INDEX(Inputs!$B$1:$D$80,K$3,2))} -> 2.4 | ... P20: {=IF($B20=P$2,INDEX(Inputs!$B$1:$D$80,P$3,$C20),INDEX(Inputs!$B$1:$D$80,P$3,2))} -> 30000 | Q20: =(E20-F20)*(1-G20)*H20 -> 594000 | R20: =D20+Q20 -> 1394000 | S20: =I20*J20*(1+K20) -> 510000 | T20: =L20+M20*(1-N20)+O20 -> 21250 | U20: =_xlfn.LET(_xlpm.S0,D20,_xlpm.R0,Q20,_xlpm.Qm,S20,_xlpm.d,T20,_xlpm.c,MIN(P20,_xlpm.d),_xlpm.dec,_xlpm.d-_xlpm.c,_xlpm.TR,_xlpm.R0/_xlpm.c,IF(_xlpm.S0<_xlpm.Qm,0,IF(AND(_xlpm.dec>0,(_xlpm.S0-_xlpm.Qm)/MAX(_xlpm.dec,1)<_xlpm.TR),(_xlpm.S0-_xlpm.Qm)/_xlpm.dec,_xlpm.TR+(_xlpm.S0-_xlpm.dec*_xlpm.TR-_xlpm.Qm)/_xlpm.d))/12) -> 3.4666667 | V20: {=IF(B20=0,"—",INDEX($D$4:$P$4,B20))} -> Support ratio | X20: Ranked by swing (chart source) | AE20: Figure 6 source — change vs Central runway (yrs)
A21: Support ratio → Optimistic | B21: 8 | C21: 3 | D21: {=IF($B21=D$2,INDEX(Inputs!$B$1:$D$80,D$3,$C21),INDEX(Inputs!$B$1:$D$80,D$3,2))} -> 800000 | E21: {=IF($B21=E$2,INDEX(Inputs!$B$1:$D$80,E$3,$C21),INDEX(Inputs!$B$1:$D$80,E$3,2))} -> 4500000 | F21: {=IF($B21=F$2,INDEX(Inputs!$B$1:$D$80,F$3,$C21),INDEX(Inputs!$B$1:$D$80,F$3,2))} -> 1200000 | G21: {=IF($B21=G$2,INDEX(Inputs!$B$1:$D$80,G$3,$C21),INDEX(Inputs!$B$1:$D$80,G$3,2))} -> 0.4 | H21: {=IF($B21=H$2,INDEX(Inputs!$B$1:$D$80,H$3,$C21),INDEX(Inputs!$B$1:$D$80,H$3,2))} -> 0.3 | I21: {=IF($B21=I$2,INDEX(Inputs!$B$1:$D$80,I$3,$C21),INDEX(Inputs!$B$1:$D$80,I$3,2))} -> 1200 | J21: {=IF($B21=J$2,INDEX(Inputs!$B$1:$D$80,J$3,$C21),INDEX(Inputs!$B$1:$D$80,J$3,2))} -> 125 | K21: {=IF($B21=K$2,INDEX(Inputs!$B$1:$D$80,K$3,$C21),INDEX(Inputs!$B$1:$D$80,K$3,2))} -> 2.2 | ... P21: {=IF($B21=P$2,INDEX(Inputs!$B$1:$D$80,P$3,$C21),INDEX(Inputs!$B$1:$D$80,P$3,2))} -> 30000 | Q21: =(E21-F21)*(1-G21)*H21 -> 594000 | R21: =D21+Q21 -> 1394000 | S21: =I21*J21*(1+K21) -> 480000 | T21: =L21+M21*(1-N21)+O21 -> 21250 | U21: =_xlfn.LET(_xlpm.S0,D21,_xlpm.R0,Q21,_xlpm.Qm,S21,_xlpm.d,T21,_xlpm.c,MIN(P21,_xlpm.d),_xlpm.dec,_xlpm.d-_xlpm.c,_xlpm.TR,_xlpm.R0/_xlpm.c,IF(_xlpm.S0<_xlpm.Qm,0,IF(AND(_xlpm.dec>0,(_xlpm.S0-_xlpm.Qm)/MAX(_xlpm.dec,1)<_xlpm.TR),(_xlpm.S0-_xlpm.Qm)/_xlpm.dec,_xlpm.TR+(_xlpm.S0-_xlpm.dec*_xlpm.TR-_xlpm.Qm)/_xlpm.d))/12) -> 3.5843137 | V21: {=IF(B21=0,"—",INDEX($D$4:$P$4,B21))} -> Support ratio | X21: Driver | Y21: Runway @ Pess | Z21: Runway @ Opt | AE21: Driver (swing) | AF21: Pessimistic | AG21: Optimistic
A22: Irrecoverable losses/mo → Pessimistic | B22: 9 | C22: 1 | D22: {=IF($B22=D$2,INDEX(Inputs!$B$1:$D$80,D$3,$C22),INDEX(Inputs!$B$1:$D$80,D$3,2))} -> 800000 | E22: {=IF($B22=E$2,INDEX(Inputs!$B$1:$D$80,E$3,$C22),INDEX(Inputs!$B$1:$D$80,E$3,2))} -> 4500000 | F22: {=IF($B22=F$2,INDEX(Inputs!$B$1:$D$80,F$3,$C22),INDEX(Inputs!$B$1:$D$80,F$3,2))} -> 1200000 | G22: {=IF($B22=G$2,INDEX(Inputs!$B$1:$D$80,G$3,$C22),INDEX(Inputs!$B$1:$D$80,G$3,2))} -> 0.4 | H22: {=IF($B22=H$2,INDEX(Inputs!$B$1:$D$80,H$3,$C22),INDEX(Inputs!$B$1:$D$80,H$3,2))} -> 0.3 | I22: {=IF($B22=I$2,INDEX(Inputs!$B$1:$D$80,I$3,$C22),INDEX(Inputs!$B$1:$D$80,I$3,2))} -> 1200 | J22: {=IF($B22=J$2,INDEX(Inputs!$B$1:$D$80,J$3,$C22),INDEX(Inputs!$B$1:$D$80,J$3,2))} -> 125 | K22: {=IF($B22=K$2,INDEX(Inputs!$B$1:$D$80,K$3,$C22),INDEX(Inputs!$B$1:$D$80,K$3,2))} -> 2.3 | ... P22: {=IF($B22=P$2,INDEX(Inputs!$B$1:$D$80,P$3,$C22),INDEX(Inputs!$B$1:$D$80,P$3,2))} -> 30000 | Q22: =(E22-F22)*(1-G22)*H22 -> 594000 | R22: =D22+Q22 -> 1394000 | S22: =I22*J22*(1+K22) -> 495000 | T22: =L22+M22*(1-N22)+O22 -> 23750 | U22: =_xlfn.LET(_xlpm.S0,D22,_xlpm.R0,Q22,_xlpm.Qm,S22,_xlpm.d,T22,_xlpm.c,MIN(P22,_xlpm.d),_xlpm.dec,_xlpm.d-_xlpm.c,_xlpm.TR,_xlpm.R0/_xlpm.c,IF(_xlpm.S0<_xlpm.Qm,0,IF(AND(_xlpm.dec>0,(_xlpm.S0-_xlpm.Qm)/MAX(_xlpm.dec,1)<_xlpm.TR),(_xlpm.S0-_xlpm.Qm)/_xlpm.dec,_xlpm.TR+(_xlpm.S0-_xlpm.dec*_xlpm.TR-_xlpm.Qm)/_xlpm.d))/12) -> 3.154386 | V22: {=IF(B22=0,"—",INDEX($D$4:$P$4,B22))} -> Irrecoverable losses/mo | X22: {=_xlfn.CHOOSECOLS(_xlfn.SORTBY(X5:AC17,AA5:AA17,-1),1,2,3)} -> Irrecoverable losses/mo | Y22: 3.154386 | Z22: 3.9955556 | AE22: =X22&" ("&TEXT(ABS(Z22-Y22),"0.00")&" yr swing)" -> Irrecoverable losses/mo (0.84 yr swing) | AF22: =Y22-$Y$36 -> -0.37110423 | AG22: =Z22-$Y$36 -> 0.47006536
A23: Irrecoverable losses/mo → Optimistic | B23: 9 | C23: 3 | D23: {=IF($B23=D$2,INDEX(Inputs!$B$1:$D$80,D$3,$C23),INDEX(Inputs!$B$1:$D$80,D$3,2))} -> 800000 | E23: {=IF($B23=E$2,INDEX(Inputs!$B$1:$D$80,E$3,$C23),INDEX(Inputs!$B$1:$D$80,E$3,2))} -> 4500000 | F23: {=IF($B23=F$2,INDEX(Inputs!$B$1:$D$80,F$3,$C23),INDEX(Inputs!$B$1:$D$80,F$3,2))} -> 1200000 | G23: {=IF($B23=G$2,INDEX(Inputs!$B$1:$D$80,G$3,$C23),INDEX(Inputs!$B$1:$D$80,G$3,2))} -> 0.4 | H23: {=IF($B23=H$2,INDEX(Inputs!$B$1:$D$80,H$3,$C23),INDEX(Inputs!$B$1:$D$80,H$3,2))} -> 0.3 | I23: {=IF($B23=I$2,INDEX(Inputs!$B$1:$D$80,I$3,$C23),INDEX(Inputs!$B$1:$D$80,I$3,2))} -> 1200 | J23: {=IF($B23=J$2,INDEX(Inputs!$B$1:$D$80,J$3,$C23),INDEX(Inputs!$B$1:$D$80,J$3,2))} -> 125 | K23: {=IF($B23=K$2,INDEX(Inputs!$B$1:$D$80,K$3,$C23),INDEX(Inputs!$B$1:$D$80,K$3,2))} -> 2.3 | ... P23: {=IF($B23=P$2,INDEX(Inputs!$B$1:$D$80,P$3,$C23),INDEX(Inputs!$B$1:$D$80,P$3,2))} -> 30000 | Q23: =(E23-F23)*(1-G23)*H23 -> 594000 | R23: =D23+Q23 -> 1394000 | S23: =I23*J23*(1+K23) -> 495000 | T23: =L23+M23*(1-N23)+O23 -> 18750 | U23: =_xlfn.LET(_xlpm.S0,D23,_xlpm.R0,Q23,_xlpm.Qm,S23,_xlpm.d,T23,_xlpm.c,MIN(P23,_xlpm.d),_xlpm.dec,_xlpm.d-_xlpm.c,_xlpm.TR,_xlpm.R0/_xlpm.c,IF(_xlpm.S0<_xlpm.Qm,0,IF(AND(_xlpm.dec>0,(_xlpm.S0-_xlpm.Qm)/MAX(_xlpm.dec,1)<_xlpm.TR),(_xlpm.S0-_xlpm.Qm)/_xlpm.dec,_xlpm.TR+(_xlpm.S0-_xlpm.dec*_xlpm.TR-_xlpm.Qm)/_xlpm.d))/12) -> 3.9955556 | V23: {=IF(B23=0,"—",INDEX($D$4:$P$4,B23))} -> Irrecoverable losses/mo | X23: Serving force S0 | Y23: 3.054902 | Z23: 3.8392157 | AE23: =X23&" ("&TEXT(ABS(Z23-Y23),"0.00")&" yr swing)" -> Serving force S0 (0.78 yr swing) | AF23: =Y23-$Y$36 -> -0.47058824 | AG23: =Z23-$Y$36 -> 0.31372549
A24: AWOL cases/mo → Pessimistic | B24: 10 | C24: 1 | D24: {=IF($B24=D$2,INDEX(Inputs!$B$1:$D$80,D$3,$C24),INDEX(Inputs!$B$1:$D$80,D$3,2))} -> 800000 | E24: {=IF($B24=E$2,INDEX(Inputs!$B$1:$D$80,E$3,$C24),INDEX(Inputs!$B$1:$D$80,E$3,2))} -> 4500000 | F24: {=IF($B24=F$2,INDEX(Inputs!$B$1:$D$80,F$3,$C24),INDEX(Inputs!$B$1:$D$80,F$3,2))} -> 1200000 | G24: {=IF($B24=G$2,INDEX(Inputs!$B$1:$D$80,G$3,$C24),INDEX(Inputs!$B$1:$D$80,G$3,2))} -> 0.4 | H24: {=IF($B24=H$2,INDEX(Inputs!$B$1:$D$80,H$3,$C24),INDEX(Inputs!$B$1:$D$80,H$3,2))} -> 0.3 | I24: {=IF($B24=I$2,INDEX(Inputs!$B$1:$D$80,I$3,$C24),INDEX(Inputs!$B$1:$D$80,I$3,2))} -> 1200 | J24: {=IF($B24=J$2,INDEX(Inputs!$B$1:$D$80,J$3,$C24),INDEX(Inputs!$B$1:$D$80,J$3,2))} -> 125 | K24: {=IF($B24=K$2,INDEX(Inputs!$B$1:$D$80,K$3,$C24),INDEX(Inputs!$B$1:$D$80,K$3,2))} -> 2.3 | ... P24: {=IF($B24=P$2,INDEX(Inputs!$B$1:$D$80,P$3,$C24),INDEX(Inputs!$B$1:$D$80,P$3,2))} -> 30000 | Q24: =(E24-F24)*(1-G24)*H24 -> 594000 | R24: =D24+Q24 -> 1394000 | S24: =I24*J24*(1+K24) -> 495000 | T24: =L24+M24*(1-N24)+O24 -> 22600 | U24: =_xlfn.LET(_xlpm.S0,D24,_xlpm.R0,Q24,_xlpm.Qm,S24,_xlpm.d,T24,_xlpm.c,MIN(P24,_xlpm.d),_xlpm.dec,_xlpm.d-_xlpm.c,_xlpm.TR,_xlpm.R0/_xlpm.c,IF(_xlpm.S0<_xlpm.Qm,0,IF(AND(_xlpm.dec>0,(_xlpm.S0-_xlpm.Qm)/MAX(_xlpm.dec,1)<_xlpm.TR),(_xlpm.S0-_xlpm.Qm)/_xlpm.dec,_xlpm.TR+(_xlpm.S0-_xlpm.dec*_xlpm.TR-_xlpm.Qm)/_xlpm.d))/12) -> 3.3148968 | V24: {=IF(B24=0,"—",INDEX($D$4:$P$4,B24))} -> AWOL cases/mo | X24: Reachability | Y24: 3.1372549 | Z24: 3.9137255 | AE24: =X24&" ("&TEXT(ABS(Z24-Y24),"0.00")&" yr swing)" -> Reachability (0.78 yr swing) | AF24: =Y24-$Y$36 -> -0.38823529 | AG24: =Z24-$Y$36 -> 0.38823529
A25: AWOL cases/mo → Optimistic | B25: 10 | C25: 3 | D25: {=IF($B25=D$2,INDEX(Inputs!$B$1:$D$80,D$3,$C25),INDEX(Inputs!$B$1:$D$80,D$3,2))} -> 800000 | E25: {=IF($B25=E$2,INDEX(Inputs!$B$1:$D$80,E$3,$C25),INDEX(Inputs!$B$1:$D$80,E$3,2))} -> 4500000 | F25: {=IF($B25=F$2,INDEX(Inputs!$B$1:$D$80,F$3,$C25),INDEX(Inputs!$B$1:$D$80,F$3,2))} -> 1200000 | G25: {=IF($B25=G$2,INDEX(Inputs!$B$1:$D$80,G$3,$C25),INDEX(Inputs!$B$1:$D$80,G$3,2))} -> 0.4 | H25: {=IF($B25=H$2,INDEX(Inputs!$B$1:$D$80,H$3,$C25),INDEX(Inputs!$B$1:$D$80,H$3,2))} -> 0.3 | I25: {=IF($B25=I$2,INDEX(Inputs!$B$1:$D$80,I$3,$C25),INDEX(Inputs!$B$1:$D$80,I$3,2))} -> 1200 | J25: {=IF($B25=J$2,INDEX(Inputs!$B$1:$D$80,J$3,$C25),INDEX(Inputs!$B$1:$D$80,J$3,2))} -> 125 | K25: {=IF($B25=K$2,INDEX(Inputs!$B$1:$D$80,K$3,$C25),INDEX(Inputs!$B$1:$D$80,K$3,2))} -> 2.3 | ... P25: {=IF($B25=P$2,INDEX(Inputs!$B$1:$D$80,P$3,$C25),INDEX(Inputs!$B$1:$D$80,P$3,2))} -> 30000 | Q25: =(E25-F25)*(1-G25)*H25 -> 594000 | R25: =D25+Q25 -> 1394000 | S25: =I25*J25*(1+K25) -> 495000 | T25: =L25+M25*(1-N25)+O25 -> 19900 | U25: =_xlfn.LET(_xlpm.S0,D25,_xlpm.R0,Q25,_xlpm.Qm,S25,_xlpm.d,T25,_xlpm.c,MIN(P25,_xlpm.d),_xlpm.dec,_xlpm.d-_xlpm.c,_xlpm.TR,_xlpm.R0/_xlpm.c,IF(_xlpm.S0<_xlpm.Qm,0,IF(AND(_xlpm.dec>0,(_xlpm.S0-_xlpm.Qm)/MAX(_xlpm.dec,1)<_xlpm.TR),(_xlpm.S0-_xlpm.Qm)/_xlpm.dec,_xlpm.TR+(_xlpm.S0-_xlpm.dec*_xlpm.TR-_xlpm.Qm)/_xlpm.d))/12) -> 3.7646566 | V25: {=IF(B25=0,"—",INDEX($D$4:$P$4,B25))} -> AWOL cases/mo | X25: Civilian men 25–60 | Y25: 3.172549 | Z25: 3.8784314 | AE25: =X25&" ("&TEXT(ABS(Z25-Y25),"0.00")&" yr swing)" -> Civilian men 25–60 (0.71 yr swing) | AF25: =Y25-$Y$36 -> -0.35294118 | AG25: =Z25-$Y$36 -> 0.35294118
A26: AWOL return share → Pessimistic | B26: 11 | C26: 1 | D26: {=IF($B26=D$2,INDEX(Inputs!$B$1:$D$80,D$3,$C26),INDEX(Inputs!$B$1:$D$80,D$3,2))} -> 800000 | E26: {=IF($B26=E$2,INDEX(Inputs!$B$1:$D$80,E$3,$C26),INDEX(Inputs!$B$1:$D$80,E$3,2))} -> 4500000 | F26: {=IF($B26=F$2,INDEX(Inputs!$B$1:$D$80,F$3,$C26),INDEX(Inputs!$B$1:$D$80,F$3,2))} -> 1200000 | G26: {=IF($B26=G$2,INDEX(Inputs!$B$1:$D$80,G$3,$C26),INDEX(Inputs!$B$1:$D$80,G$3,2))} -> 0.4 | H26: {=IF($B26=H$2,INDEX(Inputs!$B$1:$D$80,H$3,$C26),INDEX(Inputs!$B$1:$D$80,H$3,2))} -> 0.3 | I26: {=IF($B26=I$2,INDEX(Inputs!$B$1:$D$80,I$3,$C26),INDEX(Inputs!$B$1:$D$80,I$3,2))} -> 1200 | J26: {=IF($B26=J$2,INDEX(Inputs!$B$1:$D$80,J$3,$C26),INDEX(Inputs!$B$1:$D$80,J$3,2))} -> 125 | K26: {=IF($B26=K$2,INDEX(Inputs!$B$1:$D$80,K$3,$C26),INDEX(Inputs!$B$1:$D$80,K$3,2))} -> 2.3 | ... P26: {=IF($B26=P$2,INDEX(Inputs!$B$1:$D$80,P$3,$C26),INDEX(Inputs!$B$1:$D$80,P$3,2))} -> 30000 | Q26: =(E26-F26)*(1-G26)*H26 -> 594000 | R26: =D26+Q26 -> 1394000 | S26: =I26*J26*(1+K26) -> 495000 | T26: =L26+M26*(1-N26)+O26 -> 23500 | U26: =_xlfn.LET(_xlpm.S0,D26,_xlpm.R0,Q26,_xlpm.Qm,S26,_xlpm.d,T26,_xlpm.c,MIN(P26,_xlpm.d),_xlpm.dec,_xlpm.d-_xlpm.c,_xlpm.TR,_xlpm.R0/_xlpm.c,IF(_xlpm.S0<_xlpm.Qm,0,IF(AND(_xlpm.dec>0,(_xlpm.S0-_xlpm.Qm)/MAX(_xlpm.dec,1)<_xlpm.TR),(_xlpm.S0-_xlpm.Qm)/_xlpm.dec,_xlpm.TR+(_xlpm.S0-_xlpm.dec*_xlpm.TR-_xlpm.Qm)/_xlpm.d))/12) -> 3.1879433 | V26: {=IF(B26=0,"—",INDEX($D$4:$P$4,B26))} -> AWOL return share | X26: AWOL return share | Y26: 3.1879433 | Z26: 3.7932489 | AE26: =X26&" ("&TEXT(ABS(Z26-Y26),"0.00")&" yr swing)" -> AWOL return share (0.61 yr swing) | AF26: =Y26-$Y$36 -> -0.33754693 | AG26: =Z26-$Y$36 -> 0.26775875
A27: AWOL return share → Optimistic | B27: 11 | C27: 3 | D27: {=IF($B27=D$2,INDEX(Inputs!$B$1:$D$80,D$3,$C27),INDEX(Inputs!$B$1:$D$80,D$3,2))} -> 800000 | E27: {=IF($B27=E$2,INDEX(Inputs!$B$1:$D$80,E$3,$C27),INDEX(Inputs!$B$1:$D$80,E$3,2))} -> 4500000 | F27: {=IF($B27=F$2,INDEX(Inputs!$B$1:$D$80,F$3,$C27),INDEX(Inputs!$B$1:$D$80,F$3,2))} -> 1200000 | G27: {=IF($B27=G$2,INDEX(Inputs!$B$1:$D$80,G$3,$C27),INDEX(Inputs!$B$1:$D$80,G$3,2))} -> 0.4 | H27: {=IF($B27=H$2,INDEX(Inputs!$B$1:$D$80,H$3,$C27),INDEX(Inputs!$B$1:$D$80,H$3,2))} -> 0.3 | I27: {=IF($B27=I$2,INDEX(Inputs!$B$1:$D$80,I$3,$C27),INDEX(Inputs!$B$1:$D$80,I$3,2))} -> 1200 | J27: {=IF($B27=J$2,INDEX(Inputs!$B$1:$D$80,J$3,$C27),INDEX(Inputs!$B$1:$D$80,J$3,2))} -> 125 | K27: {=IF($B27=K$2,INDEX(Inputs!$B$1:$D$80,K$3,$C27),INDEX(Inputs!$B$1:$D$80,K$3,2))} -> 2.3 | ... P27: {=IF($B27=P$2,INDEX(Inputs!$B$1:$D$80,P$3,$C27),INDEX(Inputs!$B$1:$D$80,P$3,2))} -> 30000 | Q27: =(E27-F27)*(1-G27)*H27 -> 594000 | R27: =D27+Q27 -> 1394000 | S27: =I27*J27*(1+K27) -> 495000 | T27: =L27+M27*(1-N27)+O27 -> 19750 | U27: =_xlfn.LET(_xlpm.S0,D27,_xlpm.R0,Q27,_xlpm.Qm,S27,_xlpm.d,T27,_xlpm.c,MIN(P27,_xlpm.d),_xlpm.dec,_xlpm.d-_xlpm.c,_xlpm.TR,_xlpm.R0/_xlpm.c,IF(_xlpm.S0<_xlpm.Qm,0,IF(AND(_xlpm.dec>0,(_xlpm.S0-_xlpm.Qm)/MAX(_xlpm.dec,1)<_xlpm.TR),(_xlpm.S0-_xlpm.Qm)/_xlpm.dec,_xlpm.TR+(_xlpm.S0-_xlpm.dec*_xlpm.TR-_xlpm.Qm)/_xlpm.d))/12) -> 3.7932489 | V27: {=IF(B27=0,"—",INDEX($D$4:$P$4,B27))} -> AWOL return share | X27: Line troops per km | Y27: 3.292549 | Z27: 3.7584314 | AE27: =X27&" ("&TEXT(ABS(Z27-Y27),"0.00")&" yr swing)" -> Line troops per km (0.47 yr swing) | AF27: =Y27-$Y$36 -> -0.23294118 | AG27: =Z27-$Y$36 -> 0.23294118
A28: Discharges/mo → Pessimistic | B28: 12 | C28: 1 | D28: {=IF($B28=D$2,INDEX(Inputs!$B$1:$D$80,D$3,$C28),INDEX(Inputs!$B$1:$D$80,D$3,2))} -> 800000 | E28: {=IF($B28=E$2,INDEX(Inputs!$B$1:$D$80,E$3,$C28),INDEX(Inputs!$B$1:$D$80,E$3,2))} -> 4500000 | F28: {=IF($B28=F$2,INDEX(Inputs!$B$1:$D$80,F$3,$C28),INDEX(Inputs!$B$1:$D$80,F$3,2))} -> 1200000 | G28: {=IF($B28=G$2,INDEX(Inputs!$B$1:$D$80,G$3,$C28),INDEX(Inputs!$B$1:$D$80,G$3,2))} -> 0.4 | H28: {=IF($B28=H$2,INDEX(Inputs!$B$1:$D$80,H$3,$C28),INDEX(Inputs!$B$1:$D$80,H$3,2))} -> 0.3 | I28: {=IF($B28=I$2,INDEX(Inputs!$B$1:$D$80,I$3,$C28),INDEX(Inputs!$B$1:$D$80,I$3,2))} -> 1200 | J28: {=IF($B28=J$2,INDEX(Inputs!$B$1:$D$80,J$3,$C28),INDEX(Inputs!$B$1:$D$80,J$3,2))} -> 125 | K28: {=IF($B28=K$2,INDEX(Inputs!$B$1:$D$80,K$3,$C28),INDEX(Inputs!$B$1:$D$80,K$3,2))} -> 2.3 | ... P28: {=IF($B28=P$2,INDEX(Inputs!$B$1:$D$80,P$3,$C28),INDEX(Inputs!$B$1:$D$80,P$3,2))} -> 30000 | Q28: =(E28-F28)*(1-G28)*H28 -> 594000 | R28: =D28+Q28 -> 1394000 | S28: =I28*J28*(1+K28) -> 495000 | T28: =L28+M28*(1-N28)+O28 -> 21750 | U28: =_xlfn.LET(_xlpm.S0,D28,_xlpm.R0,Q28,_xlpm.Qm,S28,_xlpm.d,T28,_xlpm.c,MIN(P28,_xlpm.d),_xlpm.dec,_xlpm.d-_xlpm.c,_xlpm.TR,_xlpm.R0/_xlpm.c,IF(_xlpm.S0<_xlpm.Qm,0,IF(AND(_xlpm.dec>0,(_xlpm.S0-_xlpm.Qm)/MAX(_xlpm.dec,1)<_xlpm.TR),(_xlpm.S0-_xlpm.Qm)/_xlpm.dec,_xlpm.TR+(_xlpm.S0-_xlpm.dec*_xlpm.TR-_xlpm.Qm)/_xlpm.d))/12) -> 3.4444444 | V28: {=IF(B28=0,"—",INDEX($D$4:$P$4,B28))} -> Discharges/mo | X28: AWOL cases/mo | Y28: 3.3148968 | Z28: 3.7646566 | AE28: =X28&" ("&TEXT(ABS(Z28-Y28),"0.00")&" yr swing)" -> AWOL cases/mo (0.45 yr swing) | AF28: =Y28-$Y$36 -> -0.21059344 | AG28: =Z28-$Y$36 -> 0.23916642
A29: Discharges/mo → Optimistic | B29: 12 | C29: 3 | D29: {=IF($B29=D$2,INDEX(Inputs!$B$1:$D$80,D$3,$C29),INDEX(Inputs!$B$1:$D$80,D$3,2))} -> 800000 | E29: {=IF($B29=E$2,INDEX(Inputs!$B$1:$D$80,E$3,$C29),INDEX(Inputs!$B$1:$D$80,E$3,2))} -> 4500000 | F29: {=IF($B29=F$2,INDEX(Inputs!$B$1:$D$80,F$3,$C29),INDEX(Inputs!$B$1:$D$80,F$3,2))} -> 1200000 | G29: {=IF($B29=G$2,INDEX(Inputs!$B$1:$D$80,G$3,$C29),INDEX(Inputs!$B$1:$D$80,G$3,2))} -> 0.4 | H29: {=IF($B29=H$2,INDEX(Inputs!$B$1:$D$80,H$3,$C29),INDEX(Inputs!$B$1:$D$80,H$3,2))} -> 0.3 | I29: {=IF($B29=I$2,INDEX(Inputs!$B$1:$D$80,I$3,$C29),INDEX(Inputs!$B$1:$D$80,I$3,2))} -> 1200 | J29: {=IF($B29=J$2,INDEX(Inputs!$B$1:$D$80,J$3,$C29),INDEX(Inputs!$B$1:$D$80,J$3,2))} -> 125 | K29: {=IF($B29=K$2,INDEX(Inputs!$B$1:$D$80,K$3,$C29),INDEX(Inputs!$B$1:$D$80,K$3,2))} -> 2.3 | ... P29: {=IF($B29=P$2,INDEX(Inputs!$B$1:$D$80,P$3,$C29),INDEX(Inputs!$B$1:$D$80,P$3,2))} -> 30000 | Q29: =(E29-F29)*(1-G29)*H29 -> 594000 | R29: =D29+Q29 -> 1394000 | S29: =I29*J29*(1+K29) -> 495000 | T29: =L29+M29*(1-N29)+O29 -> 20750 | U29: =_xlfn.LET(_xlpm.S0,D29,_xlpm.R0,Q29,_xlpm.Qm,S29,_xlpm.d,T29,_xlpm.c,MIN(P29,_xlpm.d),_xlpm.dec,_xlpm.d-_xlpm.c,_xlpm.TR,_xlpm.R0/_xlpm.c,IF(_xlpm.S0<_xlpm.Qm,0,IF(AND(_xlpm.dec>0,(_xlpm.S0-_xlpm.Qm)/MAX(_xlpm.dec,1)<_xlpm.TR),(_xlpm.S0-_xlpm.Qm)/_xlpm.dec,_xlpm.TR+(_xlpm.S0-_xlpm.dec*_xlpm.TR-_xlpm.Qm)/_xlpm.d))/12) -> 3.6104418 | V29: {=IF(B29=0,"—",INDEX($D$4:$P$4,B29))} -> Discharges/mo | X29: Unfit/exempt share | Y29: 3.3313725 | Z29: 3.7196078 | AE29: =X29&" ("&TEXT(ABS(Z29-Y29),"0.00")&" yr swing)" -> Unfit/exempt share (0.39 yr swing) | AF29: =Y29-$Y$36 -> -0.19411765 | AG29: =Z29-$Y$36 -> 0.19411765
A30: Mobilization capacity/mo → Pessimistic | B30: 13 | C30: 1 | D30: {=IF($B30=D$2,INDEX(Inputs!$B$1:$D$80,D$3,$C30),INDEX(Inputs!$B$1:$D$80,D$3,2))} -> 800000 | E30: {=IF($B30=E$2,INDEX(Inputs!$B$1:$D$80,E$3,$C30),INDEX(Inputs!$B$1:$D$80,E$3,2))} -> 4500000 | F30: {=IF($B30=F$2,INDEX(Inputs!$B$1:$D$80,F$3,$C30),INDEX(Inputs!$B$1:$D$80,F$3,2))} -> 1200000 | G30: {=IF($B30=G$2,INDEX(Inputs!$B$1:$D$80,G$3,$C30),INDEX(Inputs!$B$1:$D$80,G$3,2))} -> 0.4 | H30: {=IF($B30=H$2,INDEX(Inputs!$B$1:$D$80,H$3,$C30),INDEX(Inputs!$B$1:$D$80,H$3,2))} -> 0.3 | I30: {=IF($B30=I$2,INDEX(Inputs!$B$1:$D$80,I$3,$C30),INDEX(Inputs!$B$1:$D$80,I$3,2))} -> 1200 | J30: {=IF($B30=J$2,INDEX(Inputs!$B$1:$D$80,J$3,$C30),INDEX(Inputs!$B$1:$D$80,J$3,2))} -> 125 | K30: {=IF($B30=K$2,INDEX(Inputs!$B$1:$D$80,K$3,$C30),INDEX(Inputs!$B$1:$D$80,K$3,2))} -> 2.3 | ... P30: {=IF($B30=P$2,INDEX(Inputs!$B$1:$D$80,P$3,$C30),INDEX(Inputs!$B$1:$D$80,P$3,2))} -> 22000 | Q30: =(E30-F30)*(1-G30)*H30 -> 594000 | R30: =D30+Q30 -> 1394000 | S30: =I30*J30*(1+K30) -> 495000 | T30: =L30+M30*(1-N30)+O30 -> 21250 | U30: =_xlfn.LET(_xlpm.S0,D30,_xlpm.R0,Q30,_xlpm.Qm,S30,_xlpm.d,T30,_xlpm.c,MIN(P30,_xlpm.d),_xlpm.dec,_xlpm.d-_xlpm.c,_xlpm.TR,_xlpm.R0/_xlpm.c,IF(_xlpm.S0<_xlpm.Qm,0,IF(AND(_xlpm.dec>0,(_xlpm.S0-_xlpm.Qm)/MAX(_xlpm.dec,1)<_xlpm.TR),(_xlpm.S0-_xlpm.Qm)/_xlpm.dec,_xlpm.TR+(_xlpm.S0-_xlpm.dec*_xlpm.TR-_xlpm.Qm)/_xlpm.d))/12) -> 3.5254902 | V30: {=IF(B30=0,"—",INDEX($D$4:$P$4,B30))} -> Mobilization capacity/mo | X30: Reserved workers | Y30: 3.454902 | Z30: 3.6666667 | AE30: =X30&" ("&TEXT(ABS(Z30-Y30),"0.00")&" yr swing)" -> Reserved workers (0.21 yr swing) | AF30: =Y30-$Y$36 -> -0.070588235 | AG30: =Z30-$Y$36 -> 0.14117647
A31: Mobilization capacity/mo → Optimistic | B31: 13 | C31: 3 | D31: {=IF($B31=D$2,INDEX(Inputs!$B$1:$D$80,D$3,$C31),INDEX(Inputs!$B$1:$D$80,D$3,2))} -> 800000 | E31: {=IF($B31=E$2,INDEX(Inputs!$B$1:$D$80,E$3,$C31),INDEX(Inputs!$B$1:$D$80,E$3,2))} -> 4500000 | F31: {=IF($B31=F$2,INDEX(Inputs!$B$1:$D$80,F$3,$C31),INDEX(Inputs!$B$1:$D$80,F$3,2))} -> 1200000 | G31: {=IF($B31=G$2,INDEX(Inputs!$B$1:$D$80,G$3,$C31),INDEX(Inputs!$B$1:$D$80,G$3,2))} -> 0.4 | H31: {=IF($B31=H$2,INDEX(Inputs!$B$1:$D$80,H$3,$C31),INDEX(Inputs!$B$1:$D$80,H$3,2))} -> 0.3 | I31: {=IF($B31=I$2,INDEX(Inputs!$B$1:$D$80,I$3,$C31),INDEX(Inputs!$B$1:$D$80,I$3,2))} -> 1200 | J31: {=IF($B31=J$2,INDEX(Inputs!$B$1:$D$80,J$3,$C31),INDEX(Inputs!$B$1:$D$80,J$3,2))} -> 125 | K31: {=IF($B31=K$2,INDEX(Inputs!$B$1:$D$80,K$3,$C31),INDEX(Inputs!$B$1:$D$80,K$3,2))} -> 2.3 | ... P31: {=IF($B31=P$2,INDEX(Inputs!$B$1:$D$80,P$3,$C31),INDEX(Inputs!$B$1:$D$80,P$3,2))} -> 34000 | Q31: =(E31-F31)*(1-G31)*H31 -> 594000 | R31: =D31+Q31 -> 1394000 | S31: =I31*J31*(1+K31) -> 495000 | T31: =L31+M31*(1-N31)+O31 -> 21250 | U31: =_xlfn.LET(_xlpm.S0,D31,_xlpm.R0,Q31,_xlpm.Qm,S31,_xlpm.d,T31,_xlpm.c,MIN(P31,_xlpm.d),_xlpm.dec,_xlpm.d-_xlpm.c,_xlpm.TR,_xlpm.R0/_xlpm.c,IF(_xlpm.S0<_xlpm.Qm,0,IF(AND(_xlpm.dec>0,(_xlpm.S0-_xlpm.Qm)/MAX(_xlpm.dec,1)<_xlpm.TR),(_xlpm.S0-_xlpm.Qm)/_xlpm.dec,_xlpm.TR+(_xlpm.S0-_xlpm.dec*_xlpm.TR-_xlpm.Qm)/_xlpm.d))/12) -> 3.5254902 | V31: {=IF(B31=0,"—",INDEX($D$4:$P$4,B31))} -> Mobilization capacity/mo | X31: Discharges/mo | Y31: 3.4444444 | Z31: 3.6104418 | AE31: =X31&" ("&TEXT(ABS(Z31-Y31),"0.00")&" yr swing)" -> Discharges/mo (0.17 yr swing) | AF31: =Y31-$Y$36 -> -0.081045752 | AG31: =Z31-$Y$36 -> 0.084951571
X32: Front length (km) | Y32: 3.4446078 | Z32: 3.6063725 | AE32: =X32&" ("&TEXT(ABS(Z32-Y32),"0.00")&" yr swing)" -> Front length (km) (0.16 yr swing) | AF32: =Y32-$Y$36 -> -0.080882353 | AG32: =Z32-$Y$36 -> 0.080882353
A33: Reconciliation | D33: Closed form | E33: Engine | F33: Diff | X33: Support ratio | Y33: 3.4666667 | Z33: 3.5843137 | AE33: =X33&" ("&TEXT(ABS(Z33-Y33),"0.00")&" yr swing)" -> Support ratio (0.12 yr swing) | AF33: =Y33-$Y$36 -> -0.058823529 | AG33: =Z33-$Y$36 -> 0.058823529
A34: Closed-form Central vs Engine Base Central (yrs) | D34: =U5 -> 3.5254902 | E34: =Dashboard!B6 -> 3.5950012 | F34: =E34-D34 -> 0.069510972 | X34: Mobilization capacity/mo | Y34: 3.5254902 | Z34: 3.5254902 | AE34: =X34&" ("&TEXT(ABS(Z34-Y34),"0.00")&" yr swing)" -> Mobilization capacity/mo (0.00 yr swing) | AF34: =Y34-$Y$36 -> 0 | AG34: =Z34-$Y$36 -> 0
X36: Central runway (closed form) | Y36: =U5 -> 3.5254902
AE37: Entire UGV effect marker | AF37: x (yrs) | AG37: y
AE38: Bottom | AF38: =Dashboard!$B$49 -> 0.36518871 | AG38: 0.03
AE39: Top | AF39: =Dashboard!$B$49 -> 0.36518871 | AG39: 1
AE40: Marker label | AF40: ="Entire UGV effect ("&TEXT(AF38,"0.00")&" yrs)" -> Entire UGV effect (0.37 yrs)

Sheet Checks
A1: Checks — integrity and reality tests (all should read OK)
A3: # | B3: Test | C3: Value | D3: Target / tolerance | E3: Status
A4: 1 | B4: Engine month 0 serving force = Inputs S0 (Central Base) | C4: =Engine!Z5 -> 800000 | D4: =Inputs!C6 -> 800000 | E4: =IF(ABS(C4-D4)<1,"OK","CHECK") -> OK
A5: 2 | B5: Stock conservation to month 36: S+R = S0+R0 − cumulative drain (Central Base) | C5: =Engine!Z41+Engine!AA41 -> 628001.37 | D5: =Inputs!C13-SUM(Engine!W6:Y41) -> 628001.37 | E5: =IF(ABS(C5-D5)<1,"OK","CHECK") -> OK
A6: 3 | B6: Gross monthly outflow vs Budanov's 30k/mo 'needed to stand still' (±15%) | C6: =Inputs!C35 -> 29500 | D6: 30000 | E6: =IF(ABS(C6/D6-1)<=0.15,"OK","CHECK") -> OK
A7: 4 | B7: Ch1 loss multiplier = 1.000 at month 0 (no double-count of today's UGVs) | C7: =Engine!G5 -> 1 | D7: 1 | E7: =IF(ABS(C7-D7)<0.0001,"OK","CHECK") -> OK
A8: 5 | B8: UGV missions today reconcile (coverage × total runs = reported missions) | C8: =Engine!E5*Inputs!E45 -> 24000 | D8: =Inputs!E43 -> 24000 | E8: =IF(ABS(C8-D8)<1,"OK","CHECK") -> OK
A9: 6 | B9: Minimum force below current serving force — Pessimistic | C9: =Inputs!B22 -> 595000 | D9: =Inputs!B6 -> 680000 | E9: =IF(C9<D9,"OK","CHECK") -> OK
A10: 7 | B10: Minimum force below current serving force — Central | C10: =Inputs!C22 -> 495000 | D10: =Inputs!C6 -> 800000 | E10: =IF(C10<D10,"OK","CHECK") -> OK
A11: 8 | B11: Minimum force below current serving force — Optimistic | C11: =Inputs!D22 -> 404800 | D11: =Inputs!D6 -> 880000 | E11: =IF(C11<D11,"OK","CHECK") -> OK
A12: 9 | B12: Reachable reserve (Central) below Fedorov's ~2M draft-avoiders + current intake | C12: =Inputs!C12 -> 594000 | D12: 2000000 | E12: =IF(C12<D12,"OK","CHECK") -> OK
A13: 10 | B13: Error cells in Engine | C13: {=SUMPRODUCT(--ISERROR(Engine!A5:DP245))} -> 0 | D13: 0 | E13: =IF(C13=D13,"OK","CHECK") -> OK
A14: 11 | B14: Error cells in Dashboard results | C14: {=SUMPRODUCT(--ISERROR(Dashboard!B5:E27))} -> 0 | D14: 0 | E14: =IF(C14=D14,"OK","CHECK") -> OK
A15: 12 | B15: Bridge start reproduces Aug 2026 published Central (3.5 yrs) | C15: =Dashboard!B42 -> 3.5 | D15: 3.5 | E15: =IF(ABS(C15-D15)<0.01,"OK","CHECK") -> OK
A16: 13 | B16: Closed form (Tornado) within 0.25 yrs of Engine Central Base | C16: =Tornado!D34 -> 3.5254902 | D16: =Tornado!E34 -> 3.5950012 | E16: =IF(ABS(C16-D16)<=0.25,"OK","CHECK") -> OK
A18: =IF(COUNTIF(E4:E16,"OK")=13,"ALL CHECKS OK",COUNTIF(E4:E16,"CHECK")&" CHECK(S) FAILING") -> ALL CHECKS OK

Sheet Pushback Q&A
A1: Pushback Q&A — objections outside readers are likely to raise, and where the model answers them
A3: # | B3: Likely objection | C3: How the model handles it | D3: Where to look
A4: 1 | B4: "Ukraine mobilizes ~30k men a month — your pool never refills." | C4: The pool is a lifetime stock that includes all future intake. Monthly intake moves men from the reserve (R) into the serving force (S), capped by throughput capacity (17–34k/mo from official statements). Collapse happens when S falls below the minimum force, not when a static number runs out. | D4: Inputs rows 6–13, 36; Engine Intake/Serving/Reserve columns
A5: 2 | B5: "Ukraine has millions of men of military age — 750k is far too small." | C5: Pool is now built bottom-up: civilian men 25–60, minus reserved workers, minus unfit/exempt, times reachability (Fedorov: ~2M avoiding draft notices), plus those already serving. Central = ~1.4M. Reachability is flagged as a key judgment and ranks #3 on the Tornado. | D5: Inputs rows 6–13; Tornado
A6: 3 | B6: "The constraint is throughput and willingness, not demographics." | C6: The Engine tests both. The Dashboard reports whether each case ends in 'Throughput' (reserve left but can't be drafted fast enough) or 'Pool exhausted'. The Pessimistic case is throughput-bound. | D6: Dashboard rows 24–27; Inputs row 36
A7: 4 | B7: "Why would a bigger reserve mean the army collapses with more men left?" (old 30%-of-pool floor) | C7: Replaced by an absolute minimum force: front length × line troops per km × (1 + support ratio). It doesn't depend on pool size, and UGV headcount replacement only reduces the line portion. | D7: Inputs rows 17–22
A8: 5 | B8: "You ignore desertion." | C8: Gross AWOL/desertion cases (~18k/mo in 2025 per Prosecutor General) minus the share who return gives net permanent AWOL, which is ~32% of Central net drain. UGVs don't reduce it. | D8: Inputs rows 30–32; Article Table rows 10–14
A9: 6 | B9: "Your loss rate is made up." | C9: Anchored to Dutch MIVD (~500k permanent losses since 2022 ≈ 10k/mo average) and CSIS fatality ranges; the range is 10–15k/mo. Cross-check: losses + gross AWOL + discharges = ~29.5k/mo, close to Budanov's '≥30k/mo just to stand still'. | D9: Inputs row 27, 35; Checks #3
A10: 7 | B10: "UGVs already fly 20k+ missions a month — you're double-counting." | C10: Fixed. Today's loss rate already reflects today's UGVs, so the Ch1 multiplier is measured against today's coverage (=1.000 at month 0). The Base case holds UGV use at today's level. | D10: Engine column G; Checks #4
A11: 8 | B11: "Ukraine can't build/keep enough robots to cover all logistics." | C11: Coverage is capped by supply: deliveries (50k/yr goal, >22k contracted by Jul 2026) × missions per UGV before loss ÷ total logistics runs. Russian counter-UGV adaptation can erode UGV lifetime each year. The Low UGV set shows the supply cap binding. | D11: Inputs rows 55–59; Engine columns D, E, K; Dashboard B38
A12: 9 | B12: "Robots need operators — they don't free up people." | C12: Ch1 cases add operator/maintainer crews (per active UGV) to the minimum force; Ch2 headcount replacement is defined net of operators. | D12: Inputs rows 60–61; Engine column J
A13: 10 | B13: "Russia will field UGVs too." | C13: Optional uplift to Ukrainian losses from Russian UGVs applies to all cases incl. Base (Low UGV set: +8% by month 24). | D13: Inputs rows 62–64; Engine column I
A14: 11 | B14: "Min and Max stack every extreme — the range is meaningless." | C14: Pessimistic/Optimistic are labelled as stacked cases. The Tornado flexes one input at a time around Central to show which assumptions actually drive the result. | D14: Tornado
A15: 12 | B15: "Losses won't stay flat as the army shrinks / fighting intensity changes." | C15: Loss-rate drift per year (±5%) and an elasticity of losses to force size (0–0.5) are explicit inputs. | D15: Inputs rows 28–29
... A17: 14 | B17: "A ceasefire changes everything." | C17: Out of scope: ceasefire/settlement is treated as an outside stop at any point. The runway is 'time until the line can't be held if fighting continues at this intensity'. | D17: README
